"","Artist","freq"
"1","성시경",2893
"2","아이유(IU)",1970
"3","김동률",1723
"4","버스커 버스커(Busker Busker)",1461
"5","어반 자카파(Urban Zakapa)",1382
"6","바이브(Vibe)",1310
"7","브라운 아이즈(Brown Eyes)",1300
"8","김범수",1288
"9","쿨(COOL)",1235
"10","휘성",1229
"11","브라운 아이드 소울(Brown Eyed Soul)",1221
"12","싸이(Psy)",1212
"13","박효신",1129
"14","김건모",1111
"15","에피톤 프로젝트(Epitone Project)",1076
"16","프라이머리(Primary)",1062
"17","투애니원(2NE1)",1060
"18","리쌍(Leessang)",1040
"19","포맨",1031
"20","김연우",1014
"21","토이(Toy)",989
"22","10cm(십센치)",977
"23","이적",965
"24","BIGBANG",892
"25","박정현",888
"26","윤종신",878
"27","임창정",860
"28","SG워너비",848
"29","다이나믹 듀오(Dynamic Duo)",843
"30","린(LYn)",839
"31","노을",836
"32","씨스타(Sistar)",773
"33","윤하(Younha/ユンナ)",718
"34","이승철",709
"35","럼블 피쉬(Rumble Fish)",707
"36","부활",706
"37","나얼(Na-Ul)",705
"38","클래지콰이(Clazziquai)",689
"39","케이윌(K.Will)",685
"40","이소라",680
"41","제이레빗(J Rabbit)",646
"42","스탠딩 에그(Standing Egg)",640
"43","엠씨 더 맥스(M.C the Max)",622
"44","G-DRAGON",618
"45","지오디(god)",614
"46","임재범",607
"47","MC 몽",605
"48","넬(Nell)",603
"49","노리플라이(no reply)",600
"50","가을방학",599
"51","소녀시대",588
"52","에픽 하이(Epik High)",586
"53","거미",584
"54","나윤권",582
"55","버벌진트(Verbal Jint)",579
"56","이승기",574
"57","이승환",570
"58","김광석",556
"59","서영은",548
"60","허각",541
"61","조성모",538
"62","다비치",536
"63","빈지노(Beenzino)",513
"64","슈프림팀(Supreme Team)",506
"65","라디(Ra.D)",505
"66","비스트(Beast)",496
"67","이수영",495
"68","터보(Turbo)",492
"69","러브홀릭(Loveholic)",490
"70","신승훈",485
"71","백지영",471
"72","페퍼톤스(Peppertones)",468
"73","별",467
"74","이문세",463
"75","어쿠스틱 콜라보(Acoustic Collabo)",462
"76","박혜경",458
"77","지아(Zia)",457
"78","화요비",441
"79","티아라(T-ara)",440
"80","스윗소로우(SWEET SORROW)",438
"81","박지윤",426
"82","재주소년",422
"83","요조(Yozoh)",419
"84","옥상달빛",416
"85","원 모어 찬스(one more chance)",413
"86","전람회",413
"87","데이브레이크(daybreak)",405
"88","에일리(Ailee)",404
"89","프리 스타일(Free Style)",404
"90","플라이 투 더 스카이(Fly To The Sky)",403
"91","테이(Tei)",401
"92","커피소년",397
"93","알리(Ali)",391
"94","브로콜리너마저",389
"95","바비 킴(Bobby Kim)",386
"96","이기찬",386
"97","윤건",383
"98","공일오비(015B)",379
"99","델리 스파이스(Deli Spice)",378
"100","루시드 폴(Lucid Fall)",378
"101","버즈(Buzz)",377
"102","하림",369
"103","2AM",366
"104","애즈 원(As One)",365
"105","브라운 아이드 걸스",363
"106","t윤미래",360
"107","빅마마(Big Mama)",358
"108","제이(J.ae)",357
"109","김태우",355
"110","짙은(Zitten)",353
"111","팀(Tim)",353
"112","긱스(Geeks)",343
"113","장혜진",342
"114","루싸이트 토끼",337
"115","유재하",336
"116","코요태",336
"117","임정희",335
"118","양파",334
"119","왁스(Wax)",331
"120","포지션(Position)",331
"121","바닐라 어쿠스틱(Vanilla Acoustic)",327
"122","캐스커(Casker)",327
"123","유희열",322
"124","김윤아",318
"125","이선희",316
"126","정인",316
"127","김종국",314
"128","카라(Kara)",310
"129","김현철",309
"130","조규찬",308
"131","이지형",307
"132","엄정화",303
"133","보아(BoA)",301
"134","이은미",296
"135","정준일 [메이트]",291
"136","박기영",286
"137","유엔(UN)",284
"138","웅산",280
"139","윈터플레이(Winterplay)",280
"140","한희정",278
"141","김현정",277
"142","박진영",275
"143","Lucia(심규선)",273
"144","허밍 어반 스테레오(Humming Urban Stereo)",273
"145","S.E.S.",268
"146","몽니(Monni)",268
"147","타루(Taru)",268
"148","가인 [브라운아이드걸스]",267
"149","라이너스의 담요(Linus' Blanket)",267
"150","정엽",266
"151","시크릿(Secret)",264
"152","걸스데이(Girl's Day)",258
"153","윤상",258
"154","자우림(Jaurim)",257
"155","지나(G.NA)",257
"156","리즈(Leeds)",256
"157","윤도현",256
"158","자전거 탄 풍경",255
"159","조장혁",255
"160","동방신기(TVXQ!)",254
"161","울랄라세션(Ulala Session)",253
"162","김진표(JP)",251
"163","신해철",251
"164","인피니트(Infinite)",251
"165","에이핑크(Apink)",250
"166","마이티 마우스(Mighty Mouth)",249
"167","장재인",247
"168","정재욱",246
"169","언니네 이발관",244
"170","원더걸스(Wonder Girls)",241
"171","씨엔블루(CNBLUE)",240
"172","DJ DOC",239
"173","존 박(John Park)",239
"174","장나라",238
"175","에프엑스(f(x))",237
"176","박새별",228
"177","메이트(Mate)",225
"178","40(포티)",221
"179","김조한",218
"180","두번째 달",217
"181","베란다 프로젝트(Verandah Project)",215
"182","알렉스(Alex) [클래지콰이]",215
"183","하동균",211
"184","김광진",207
"185","서지원",206
"186","악동뮤지션(AKMU)",205
"187","해이(Hey)",205
"188","로이킴",204
"189","오렌지캬라멜(Orange Caramel)",202
"190","더 원(The One)",201
"191","유리상자",200
"192","랄라스윗(lalasweet)",192
"193","지누션(Jinusean)",191
"194","보보(Bobo)",187
"195","정키(Jung Key)",187
"196","소란(Soran)",185
"197","Zion.T",184
"198","박선주",183
"199","임현정",180
"200","제이벨(J BEL)",180
"201","에코(ECO)",179
"202","스웨덴세탁소",178
"203","애프터 스쿨(After School) ",178
"204","에코 브릿지(Eco bridge)",178
"205","패닉(Panic)",178
"206","유미",177
"207","아이비(IVY)",176
"208","나르샤 [브라운아이드걸스]",175
"209","박완규",175
"210","샵(S#arp)",175
"211","BMK",174
"212","뜨거운 감자(Hot Potato)",174
"213","버블 시스터즈(Bubble Sisters)",174
"214","보드카 레인(Vodka Rain)",174
"215","윤한(Yoonhan)",174
"216","김형중",171
"217","뱅크(Bank)",171
"218","현아 [포미닛]",171
"219","미쓰 에이(miss A)",170
"220","한경일",169
"221","영턱스클럽(YTC)",167
"222","검정치마",165
"223","먼데이 키즈(Monday Kiz)",161
"224","써니힐(Sunny Hill)",161
"225","이바디(Ibadi)",160
"226","더 클래식(The Classic)",159
"227","레인보우(Rainbow)",157
"228","솔리드(Solid)",157
"229","쥬얼리(Jewelry)",156
"230","소찬휘",155
"231","핑클(Fin.K.L)",154
"232","블락비(Block B)",152
"233","양요섭 [비스트]",152
"234","거북이",151
"235","이한철",150
"236","룰라(Roo'Ra)",148
"237","브이원 (V.One)",148
"238","이정현",147
"239","배치기",146
"240","MC 스나이퍼(MC Sniper)",145
"241","디어 클라우드(Dear Cloud)",145
"242","디제이 아키(DJ AKI)",145
"243","트러블메이커(Troublemaker)",144
"244","포미닛(4minute)",142
"245","신용재 [4men]",141
"246","롤러코스터(Rollercoaster)",140
"247","신화",140
"248","정기고(Junggigo)",140
"249","김현식",139
"250","더 넛츠(The Nuts)",139
"251","박명수",138
"252","토마스 쿡(Thomas Cook)",138
"253","일기예보",137
"254","젝스키스(Sechs Kies)",137
"255","비(Rain)",135
"256","장윤주",134
"257","야다(Yada)",133
"258","투엘슨(2LSON)",133
"259","김민종",132
"260","박미경",131
"261","여행스케치",131
"262","YB",128
"263","나비(Navi)",128
"264","마로니에(Maronnier)",128
"265","에이트(8Eight)",128
"266","이루(Eru)",128
"267","JUNIEL(주니엘)",127
"268","소규모 아카시아 밴드",127
"269","이효리",127
"270","2PM",126
"271","달콤한 소금",126
"272","넥스트(N.EX.T)",125
"273","씨야(SeeYa)",125
"274","유피(UP)",124
"275","이상은(Lee Tzsche)",122
"276","김경호",121
"277","아소토 유니온(Asoto Union)",120
"278","동경소녀",119
"279","조원선",118
"280","줄라이(July) [뉴에이지]",118
"281","박재범(Jay Park)",117
"282","젠틀 레인(Gentle Rain)",117
"283","김장훈",116
"284","슈퍼주니어(Super Junior)",116
"285","조관우",116
"286","주영(JooYoung)",116
"287","디바(Diva)",114
"288","서태지와 아이들",114
"289","정동하",113
"290","포스트맨(Postmen)",113
"291","푸딩(Pudding)",113
"292","라즈베리필드",111
"293","모리(Morrie)",111
"294","서연",111
"295","좋아서 하는 밴드",111
"296","하우스 룰즈(House Rulez)",111
"297","김지수",110
"298","이소은",110
"299","클론(Clon)",110
"300","헤르쯔 아날로그(Herz Analog)",108
"301","마이 앤트 메리(My Aunt Mary)",107
"302","우쿨렐레 피크닉(Ukulele Picnic)",107
"303","크루셜스타(Crucial Star)",107
"304","태양",107
"305","동물원",106
"306","플라워(Flower)",106
"307","더 레이(The Ray)",105
"308","슈가볼(Sugarbowl)",105
"309","스윙스(Swings)",105
"310","이하이",105
"311","자자(Zaza)",104
"312","아키버드(Aquibird)",103
"313","안녕 바다",103
"314","허민",103
"315","도나웨일(Donawhale)",101
"316","이아립",101
"317","주(Joo)",101
"318","김현성",100
"319","인디고(Indigo)",100
"320","강타",98
"321","고유진(플라워)",98
"322","레이디스 코드(LADIES' CODE)",98
"323","브이오에스(V.O.S.)",98
"324","써드코스트(3rd Coast)",98
"325","크레용팝(Crayon Pop)",98
"326","산이(San E)",97
"327","원타임(1TYM)",97
"328","장세용",97
"329","박지헌",96
"330","참깨와 솜사탕",96
"331","스프링롤(Springloll)",95
"332","이석훈 [SG워너비]",95
"333","처진 달팽이(유재석 & 이적)",94
"334","스웨터(Sweater)",93
"335","영준 [Brown Eyed Soul]",93
"336","정재형",93
"337","조정현",93
"338","EXID(이엑스아이디)",92
"339","조규만",92
"340","매드 클라운(Mad Clown)",91
"341","엠투엠(M To M)",91
"342","몽라(Monla/夢兒)",90
"343","소울스타(Soulstar)",90
"344","유아시대",90
"345","이정",89
"346","푸디토리움(Pudditorium)",89
"347","카니발(Carnival)",88
"348","디셈버(December)",87
"349","아이유 ＆ 나윤권",87
"350","나희경 [Jazz]",86
"351","비쥬(Bijou)",86
"352","양양(YangYang)",86
"353","에이오에이(AOA)",86
"354","김돈규",85
"355","도원경",85
"356","미스터 투(Mr.2)",85
"357","신성우",84
"358","W & Whale(더블유 앤 웨일)",83
"359","네미시스(Nemesis)",83
"360","디어(d.ear)",83
"361","에메랄드 캐슬(Emerald Castle)",83
"362","더 멜로디(The Melody)",82
"363","란(Ran)",81
"364","이재훈 ",81
"365","혜령",81
"366","듀스(Deux)",80
"367","서인국",80
"368","벨 에포크(Belle Epoque)",79
"369","코쿤벨즈(Cocoon Bells)",79
"370","크러쉬(Crush)",79
"371","태연 (Taeyeon)",79
"372","허소영",79
"373","바람에 오르다",78
"374","야광토끼(Neon Bunny)",78
"375","제이워크(J-Walk)",78
"376","프렐류드(Prelude)",78
"377","러브앤팝(Love & Pop)",77
"378","리사(Lisa)",77
"379","문명진",77
"380","불독맨션(Bulldogmansion)",77
"381","진주",77
"382","규현(KYUHYUN)",76
"383","더필름(The Film)",76
"384","손담비",76
"385","씨스타19(Sistar 19)",76
"386","H.O.T.",75
"387","세븐데이즈(7Dayz)",75
"388","오지은",75
"389","헤리티지(Heritage)",75
"390","조pd(ZoPD)",74
"391","CHEEZE",73
"392","비스윗(Besweet)",73
"393","손성제",73
"394","양정승(Kiroy Y)",73
"395","네스티요나(Nastyona)",72
"396","서인영",72
"397","조용필",72
"398","모세(Mose)",71
"399","포터블 그루브 나인(Portable Groove 09)",71
"400","KCM",70
"401","김우주",70
"402","나인뮤지스(Nine Muses)",70
"403","딕펑스(Dick Punks)",70
"404","스윙체어(Swingchair)",70
"405","하울(HowL)",70
"406","Glen Check(글렌체크)",69
"407","소울맨(Soulman)",69
"408","코나(Kona)",69
"409","테이크(Take)",69
"410","곰PD",68
"411","최재훈",68
"412","페이지(Page)",68
"413","김보경",67
"414","박보람",67
"415","빅 베이비 드라이버(Big Baby Driver)",67
"416","샤이니(SHINee)",67
"417","소울라이츠(Soulights)",67
"418","키네틱플로우(K-Flow)",67
"419","피노다인(Pinodyne)",67
"420","홍대광",67
"421","장필순",66
"422","클로버(Clover) [남성솔로]",66
"423","테테(Tete)",66
"424","피터팬 컴플렉스(Peterpan Complex)",66
"425","JK 김동욱",65
"426","가비엔제이(Gavy N.J.)",65
"427","강승윤 [WINNER]",65
"428","달샤벳(Dal★shabet)",65
"429","더블케이(Double K)",65
"430","앤(Ann)",65
"431","원티드(Wanted)",65
"432","인순이",65
"433","정인호",65
"434","모이다 밴드(Moida Band)",64
"435","미스티 블루(Misty Blue)",64
"436","장연주",64
"437","김정민",63
"438","신예원",63
"439","이루펀트(Eluphant)",63
"440","이지훈",63
"441","메이비(MayBee)",62
"442","소심한 오빠들(Sosimboys)",62
"443","이원진",62
"444","데이라이트(Daylight)",61
"445","옥주현",61
"446","손승연",60
"447","심현보",60
"448","알레그로(Allegrow)",60
"449","정용화(Jung Yong Hwa)",60
"450","틴 탑(Teen Top)",60
"451","남예지",59
"452","밀크티(Milktea)",59
"453","화이트(W.H.I.T.E.)",59
"454","더 블루(The Blue)",58
"455","디아(Dia) [키스 & 크라이]",58
"456","박상민",58
"457","브라더수(BrotherSu)",58
"458","안치환",58
"459","트랙 마켓(Track Market)",58
"460","홍경민",58
"461","FTISLAND(에프티 아일랜드)",57
"462","보싸다방(Bossa Dabang)",57
"463","시와(Siwa)",57
"464","장미여관",57
"465","재지팩트(Jazzyfact)",57
"466","창민",57
"467","캔(Can)",57
"468","소유",56
"469","양빛나라",56
"470","에디킴",56
"471","에이치(H)",56
"472","푸른 하늘",56
"473","EXO",55
"474","강수지",55
"475","마이큐(MY-Q)",55
"476","박정운",55
"477","윤현상",55
"478","제이에스(JS) [여성듀오]",55
"479","투투(Two Two)",55
"480","Kricc(크릭)",54
"481","노이즈(Noise)",54
"482","하와이",54
"483","K2(김성면)",53
"484","도로시밴드(Dorothy Band)",53
"485","로지 피피(RossyPP)",53
"486","베이비복스(Baby V.O.X)",53
"487","상상밴드",53
"488","센티멘탈 시너리(Sentimental Scenery)",53
"489","에릭남",53
"490","원투(Onetwo)",53
"491","필(Feel)",53
"492","박주원",52
"493","성훈 [Brown Eyed Soul]",52
"494","조정치",52
"495","해브어티(Have A Tea)",52
"496","HITCHHIKER (히치하이커)",51
"497","국카스텐(Guckkasten)",51
"498","권순관",51
"499","리치(Rich)",51
"500","유발이의 소풍",51
"501","윤민수",51
"502","WINNER",50
"503","더블에스501(SS501)",50
"504","박학기",50
"505","브리즈(The Breeze)",50
"506","소울크라이(SoulCry)",50
"507","슬로우 쥰(Slow 6)",50
"508","신효범",50
"509","박봄",49
"510","소녀시대-태티서(Girls' Generation-TTS)",49
"511","이그나이트(Ignite)",49
"512","15&(박지민, 백예린)",48
"513","변진섭",48
"514","솔솔부는 봄바람",48
"515","수상한 커튼",48
"516","이현 [에이트]",48
"517","JYJ",47
"518","W(Where The Story Ends)",47
"519","스윗바이러스(Sweet Virus)",47
"520","신혜성",47
"521","양희은",47
"522","오션(5tion)",47
"523","제리케이(Jerry. K)",47
"524","최호섭",47
"525","한동준",47
"526","DJ 소울스케이프(DJ Soulscape)",46
"527","더 콰이엇(The Quiett)",46
"528","아이 투 아이(Eye To Eye)",46
"529","업타운(UPT)",46
"530","김성호",45
"531","나루(Naru) [솔루션스]",45
"532","내추럴(Natural)",45
"533","로맨틱 펀치(Romantic Punch)",45
"534","문차일드(Moon Child)",45
"535","소울사이어티(Soulciety)",45
"536","유승준",45
"537","잠바(Jamba)",45
"538","카밀라(Camilla)",45
"539","강균성 [노을]",44
"540","김그림",44
"541","나윤선",44
"542","드렁큰 타이거(Drunken Tiger)",44
"543","박경환",44
"544","슈가버블(Sugar Bubble)",44
"545","하이투힘(Hi to him)",44
"546","Nat King Cole(냇 킹 콜)",43
"547","그린티(The Green Tea)",43
"548","길미",43
"549","김형석",43
"550","더더(THETHE)",43
"551","에디(Eddie)",43
"552","이현우",43
"553","체리필터(Cherry Filter)",43
"554","한충완",43
"555","멜로 브리즈(Melo' Breeze)",42
"556","언타이틀(Untitle)",42
"557","이정봉(Lee Jung Bong)",42
"558","포이트리(Poetree)",42
"559","폴킴(Paul Kim)",42
"560","Ab 에비뉴",41
"561","Various Artists",41
"562","김종욱",41
"563","다니엘(Daniel) [DMTN]",41
"564","리아(Riaa)",41
"565","아침(Achime)",41
"566","Unknown",40
"567","강아솔",40
"568","김동희",40
"569","노블레스(Noblesse)",40
"570","녹색지대",40
"571","모던쥬스(Modern Juice)",40
"572","알이에프(R.ef)",40
"573","이영현",40
"574","주윤하 [보드카레인]",40
"575","Martin Solveig(마틴 솔베이그)",39
"576","원써겐(1sagain)",39
"577","흐른",39
"578","316",38
"579","견우",38
"580","구혜선",38
"581","김민우",38
"582","벤",38
"583","수호",38
"584","언터쳐블",38
"585","이상순 ",38
"586","장기하와 얼굴들",38
"587","컨츄리 꼬꼬(Country Kkokko)",38
"588","클릭비(Click-B)",38
"589","타블로(Tablo)",38
"590","타샤니(Tashannie)",38
"591","혁오(hyukoh)",38
"592","Ennio Morricone(엔니오 모리꼬네)",37
"593","GG(박명수 & G-Dragon)",37
"594","김혜림",37
"595","렉시(Lexy)",37
"596","마야(Maya)",37
"597","봄(Bom)",37
"598","한효주",37
"599","부가킹즈(Buga Kingz)",36
"600","비원에이포(B1A4)",36
"601","이오공감",36
"602","일락(一樂)",36
"603","조덕배",36
"604","채연",36
"605","채정안",36
"606","현진영",36
"607","4-49(포포리나인)",35
"608","간미연",35
"609","브랜뉴직(Brand Newjiq)",35
"610","선민(Sunmin)",35
"611","앨리스 인 네버랜드(Alice In Neverland)",35
"612","어쿠루브(Acourve)",35
"613","재즈홀릭(Jazzholic)",35
"614","투개월",35
"615","파티스트릿(Party Street)",35
"616","팔로알토(Paloalto)",35
"617","하은",35
"618","9와 숫자들",34
"619","NY 물고기",34
"620","Simon Dominic(사이먼 도미닉)",34
"621","반반 프로젝트",34
"622","이승훈 [발라드]",34
"623","이진우 [인디]",34
"624","투빅(2BiC)",34
"625","티오(T.O)",34
"626","페이퍼컷 프로젝트(Papercut Project)",34
"627","of 비스트(윤두준 & 이기광 & 용준형)",33
"628","노라조",33
"629","백아연",33
"630","범키(Bumkey)",33
"631","에스프레소(Espresso)",33
"632","키스 미 조이(Kiss Me Joy)",33
"633","팀(Team)",33
"634","현빈",33
"635","마망",32
"636","메이팝(Maypop)",32
"637","무한궤도",32
"638","민설",32
"639","바다",32
"640","스티(STi)",32
"641","스페이스 A(Space A)",32
"642","전기뱀장어",32
"643","제이에이(JA)",32
"644","최정철",32
"645","크리스피 로즈(Crispy Rhodes)",32
"646","투샤이(2Shai)",32
"647","해랑(Haerang) [재즈]",32
"648","XIA(준수)",31
"649","김예림 [투개월]",31
"650","데미캣(Demicat)",31
"651","민경훈",31
"652","불나방스타쏘세지클럽",31
"653","어반스페이스(Urbanspace)",31
"654","엠스트리트(M.Street)",31
"655","이예린",31
"656","이지영",31
"657","인피니트 H",31
"658","하이포(HIGH4)",31
"659","한소아",31
"660","B.A.P",30
"661","SG워너비 김진호",30
"662","강우진",30
"663","김연지",30
"664","러브홀릭스(Loveholics)",30
"665","못(Mot)",30
"666","베이지(Beige)",30
"667","앤드(And)",30
"668","양혜승",30
"669","오현란",30
"670","인스턴트 로맨틱 플로어(Instant Romantic Floor)",30
"671","정경화",30
"672","정지찬 [원모어찬스]",30
"673","키스(Kiss)",30
"674","H-유진",29
"675","고현욱",29
"676","곽진언",29
"677","낭만유랑악단",29
"678","라-듀오(La-Duo)",29
"679","레비 파티(LEVIPARTY)",29
"680","소히(Sorri)",29
"681","스무살",29
"682","이용",29
"683","일렉트로보이즈(ELECTRO BOYZ)",29
"684","클라우드 쿠쿠랜드(Cloud Cuckoo Land)",29
"685","화접몽 밴드",29
"686","Gwyneth Herbert(기네스 허버트)",28
"687","강희수",28
"688","더 크로스(The Cross)",28
"689","레드애플(Led apple)",28
"690","리나(Lina)",28
"691","박소유",28
"692","산울림",28
"693","수경 [빨간의자]",28
"694","스컬&하하(Skull&Haha;)",28
"695","임종환",28
"696","차가운 체리(Cold Cherry)",28
"697","하찌와 TJ",28
"698","흠(Heum)",28
"699","SAT",27
"700","더 네임(The Name)",27
"701","레이디 제인(Lady Jane)",27
"702","루그(Lug)",27
"703","블루앤블루(Blue & Blue)",27
"704","스타 러브 피쉬(Star Love Fish)",27
"705","아워멜츠(Hourmelts) ",27
"706","엠포(M4)",27
"707","이안",27
"708","정은채 [배우]",27
"709","코지카페(Cozy Cafe)",27
"710","Caramel espreSSo(카라멜 에스프레소)",26
"711","SMTown",26
"712","몰릭(MhOlic)",26
"713","블록(Block)",26
"714","신재",26
"715","어바노(Urbano)",26
"716","에스트래직 비츠(Estraziq Beats) ",26
"717","옥수사진관",26
"718","원웨이(Oneway)",26
"719","제이세라(J-Cera)",26
"720","조하문",26
"721","커먼 그라운드(Common Ground)",26
"722","클린치(Clinch)",26
"723","트리플 이펙트(Triple Effect)",26
"724","하유진 ",26
"725","7공주",25
"726","빅뱅(방승철) [Solo]",25
"727","빛과 소금",25
"728","서울 전자 음악단",25
"729","송 오브 루나(Song Of Luna)",25
"730","신치림(信治琳)",25
"731","에스파파(S.Papa.)",25
"732","주영훈",25
"733","토이멜라(Toymela)",25
"734","린애",24
"735","소울라임(SouLime)",24
"736","송지은 [시크릿]",24
"737","안재욱",24
"738","유열",24
"739","임세준",24
"740","주형진",24
"741","투어리스트(The Tourist)",24
"742","환희",24
"743","김민규 [스위트피]",23
"744","남경윤",23
"745","달에닿아",23
"746","루나플라이(Lunafly)",23
"747","미스 미스터(Mis=Mr)",23
"748","보이(VOY)",23
"749","솔루션스(THE SOLUTIONS)",23
"750","여울 [인디]",23
"751","여진(Yeo Jin)",23
"752","장리인",23
"753","주니퍼(Junyfore)",23
"754","지영선",23
"755","크라잉넛(Crying Nut)",23
"756","Susan Jacks(수잔 잭스)",22
"757","김필(Kim Feel)",22
"758","들국화",22
"759","루머스(Rumors)",22
"760","멜로우이어(Mellowyear)",22
"761","비프리(B-Free)",22
"762","사피에르(Saphier)",22
"763","세븐(SE7EN)",22
"764","솔비",22
"765","어른아이(Adultchild)",22
"766","이승열",22
"767","이은하",22
"768","정원영",22
"769","정재일",22
"770","제국의아이들[ZE:A]",22
"771","컬투(Cultwo)",22
"772","파니핑크(Fanny Fink) ",22
"773","하리(Hari)",22
"774","흑꼬",22
"775","EXO-K(엑소케이)",21
"776","leeSA(리싸)",21
"777","나원주",21
"778","뉴욕 러브 다이어리(Newyork Love Diry)",21
"779","다비",21
"780","닥터심슨(Dr.Simpson)",21
"781","더 캔버스(The Canvas)",21
"782","러블리벗(Lovelybut)",21
"783","리오 케이코아(Leo Kekoa)",21
"784","박라온",21
"785","비바 소울(Viva Soul)",21
"786","솔지 [EXID]",21
"787","포츈 쿠키(Fortune Cookie)",21
"788","3호선 버터플라이(3호선 Butterfly)",20
"789","권진원",20
"790","김사랑",20
"791","말로(Malo)",20
"792","벅(Buck)",20
"793","비투비(BTOB)",20
"794","빌리어코스티(Bily Acoustie)",20
"795","아톰북(Atombook)",20
"796","안녕하신가영",20
"797","유브이(UV)",20
"798","유성은",20
"799","이브(Eve)",20
"800","이지엠(EZ'M)",20
"801","자화상",20
"802","차호석",20
"803","크리스탈 레인(Crystal Rain) ",20
"804","펄스데이(Pearl's Day)",20
"805","하루(Haroo)",20
"806","한선화 [시크릿]",20
"807","20세기 소년",19
"808","Iconiq(아이코닉)",19
"809","S (강타, 신혜성, 이지훈)",19
"810","도끼(Dok2)",19
"811","라니아(Rania)",19
"812","박광현",19
"813","반시(Vansy)",19
"814","백청강",19
"815","블루베리 [여자]",19
"816","썸피플(Sumpeople)",19
"817","얀(Yarn)",19
"818","우주히피(Cosmos Hippie)",19
"819","차태현",19
"820","캔디맨(Candyman)",19
"821","하하",19
"822","달빛요정역전만루홈런",18
"823","박시후 ",18
"824","박아셀",18
"825","비비(B.B)",18
"826","성제 [초신성]",18
"827","에레나(Elena)",18
"828","에스더(Esther)",18
"829","올라이즈 밴드(All Lies Band)",18
"830","용감한 녀석들",18
"831","유진 [S.E.S]",18
"832","이채(Ich'e)",18
"833","임헌일 [메이트]",18
"834","카나리아 살롱(Canaria Salon)",18
"835","카페모카",18
"836","타블로+페니(이터널 모닝)",18
"837","하나(Hana) [타이푼]",18
"838","Ed.C",17
"839","Laurent Voulzy(로랑 불지)",17
"840","MC 한새(MC haNsAi)",17
"841","Olivia(올리비아) [보사노바]",17
"842","Stay [심태윤]",17
"843","Westlife(웨스트라이프)",17
"844","가을방학 김재훈",17
"845","가희",17
"846","구창모 ",17
"847","네이브로(NeighBro.)",17
"848","루체(Luce)",17
"849","보이스원(Voice One)",17
"850","봄여름가을겨울",17
"851","비비안(BBAhn)",17
"852","성진환 [스윗소로우]",17
"853","솔플라워(Sol' Flower)",17
"854","슈퍼키드(SuperKidd)",17
"855","아미(A-Mi)",17
"856","에보니힐(Ebonyhill)",17
"857","온유(On.U) [발라드]",17
"858","인광",17
"859","차은주",17
"860","킹스턴 루디스카(Kingston Rudieska)",17
"861","타우(Taw)",17
"862","트랙스(Trax)",17
"863","하비누아주(Ravie Nuage)",17
"864","JC지은",16
"865","Naomi & Goro(나오미 앤 고로)",16
"866","낯선 사람들",16
"867","디에스 커넥션(DS_Connexion)",16
"868","라 벤타나(La Ventana)",16
"869","로로스(Loro's)",16
"870","박준혁",16
"871","보니(Boni)",16
"872","비욘드(Beyond)",16
"873","빅스(VIXX)",16
"874","사운디스트(SOUNDist)",16
"875","사준",16
"876","생각의 여름",16
"877","서문탁",16
"878","세 개의 시선",16
"879","소설",16
"880","손성훈",16
"881","스토리(Story) (솔로)",16
"882","에이프릴(April)",16
"883","예민",16
"884","정예경",16
"885","제이독(J-DOGG)",16
"886","철이와 미애",16
"887","텐시러브(Tensi Love)",16
"888","티아라 With 다비치",16
"889","파인애플(Pineapple)",16
"890","푸른새벽",16
"891","한민규",16
"892","Achordion(아코디언)",15
"893","DMTN",15
"894","Kentaro Takizawa(켄타로 타키자와)",15
"895","걸프렌즈(Girl Friends)",15
"896","고유비",15
"897","고한우",15
"898","김민석 [트리오로그]",15
"899","김수철",15
"900","론리 하츠 클럽(Lonely Hearts Club)",15
"901","머쉬멜로우",15
"902","모노토이(Monotoi)",15
"903","모카(Mocca)",15
"904","베스티(BESTie)",15
"905","브라이언(Brian)",15
"906","술탄 오브 더 디스코(Sultan Of The Disco)",15
"907","아침(Achim) [듀오]",15
"908","알앤피(RNP)",15
"909","앤덥(Andup)",15
"910","엠알제이(MRJ)",15
"911","옐로우 몬스터즈(Yellow Monsters)",15
"912","와이제이 패밀리(YJ Family)",15
"913","우현 [인피니트]",15
"914","원미연",15
"915","유키스(U-KISS)",15
"916","은휼",15
"917","이정아(Lee Jung-Ah)",15
"918","이진아",15
"919","최용준",15
"920","팬텀",15
"921","혜지",15
"922","Andy Williams(앤디 윌리암스)",14
"923","Atlantic Starr(아틀란틱 스타)",14
"924","Cheryl Bentyne(셰릴 벤틴)",14
"925","CMYK(씨엠와이케이)",14
"926","Indecent Obsession(인디센트 옵세션)",14
"927","James Blunt(제임스 블런트)",14
"928","Kenny Loggins(케니 로긴스)",14
"929","Laurel Music(로렐 뮤직)",14
"930","Morris Albert(모리스 알버트)",14
"931","Tommy Page(토미 페이지)",14
"932","Travis(트래비스)",14
"933","강채이",14
"934","공기남녀",14
"935","김경록 [V.O.S]",14
"936","김민준",14
"937","김부용",14
"938","김상민(Kim SangMin)",14
"939","김지호 ",14
"940","김진우",14
"941","나겸 [아가톤]",14
"942","나드(Nard)",14
"943","노드 플루(Nord Plue)",14
"944","노브레인(No Brain)",14
"945","드라마틱스(Dramatics)",14
"946","러브피쉬 프로젝트(LoveFish_Project)",14
"947","루이비(Louis.B)",14
"948","마루마루",14
"949","메론씨",14
"950","메이크어위시 합창단",14
"951","몽구스(Mongoose)",14
"952","박지혜 [인디]",14
"953","박한별",14
"954","박혜영",14
"955","백미현",14
"956","베리굿(Berry Good)",14
"957","비스콜릿(Biscolate)",14
"958","샤프(Sharp)",14
"959","성현주",14
"960","세렝게티(Serengeti)",14
"961","세이(Say)",14
"962","스몰오(Small O)",14
"963","스테이트루(Staytrue)",14
"964","신비",14
"965","씨유(See U)",14
"966","아낌없이 주는 나무",14
"967","아일랜드 기타(Island Guitar)",14
"968","앨리스 스마일(Alice Smile)",14
"969","언노운 피플(UKP)",14
"970","여미",14
"971","오리엔탱고(Orientango)",14
"972","오지은과 늑대들",14
"973","요술당나귀",14
"974","우이경",14
"975","유(U)",14
"976","유니크-쉐도우(Unique-Shadow)",14
"977","이랑",14
"978","이호석",14
"979","임병수",14
"980","장지연 [인디]",14
"981","장혜리",14
"982","전소영",14
"983","전유나",14
"984","정슬기",14
"985","조은(Cho Eun)",14
"986","지나(Gina)",14
"987","지브라(Zebra)",14
"988","지퍼",14
"989","철싸(노홍철 & 싸이)",14
"990","청춘학개론",14
"991","추성훈",14
"992","클럼지(Clumsy)",14
"993","파니니(Panini)",14
"994","프린세스 디지즈(Princess Disease)",14
"995","하지원",14
"996","하키(Hockee)",14
"997","하현곤",14
"998","효기(Hyoki) [Jazz]",14
"999","휘(徽)",14
"1000","히트(HITT)",14
"1001","Davink(다빈크)",13
"1002","Karrin Allyson(캐린 앨리슨)",13
"1003","강민경 [다비치]",13
"1004","그루(GRU)",13
"1005","로코베리(Rocoberry)",13
"1006","리오(Leeo)",13
"1007","마호가니 킹(Mahogany King)",13
"1008","모자이크",13
"1009","빈티지 블루(Vintage Blue)",13
"1010","선데이 선셋(Sunday Sunset)",13
"1011","엔알지(N.R.G)",13
"1012","영지(버블시스터즈)",13
"1013","예인",13
"1014","원효로1가 13-25",13
"1015","윈터플레이 혜원",13
"1016","은미(Eunmi)",13
"1017","이치원(EachONE)",13
"1018","쟈크와 래미(Zac & Lemi)",13
"1019","전인권",13
"1020","정민아",13
"1021","정성하",13
"1022","조이 [알트리퍼]",13
"1023","팔드로(8Dro)",13
"1024","페일그레이(Pale Grey)",13
"1025","2스토리(2story)",12
"1026","Luis Mariano(루이즈 마리아노)",12
"1027","강토(Kangto)",12
"1028","고찬용",12
"1029","남아스떼(男兒's 떼)",12
"1030","누보두(Nouveau Deux)",12
"1031","뎁인뎁쇼",12
"1032","리드미스트(Rhythmist)",12
"1033","메이랜드(Mayland)",12
"1034","모든(Moden)",12
"1035","박정수 [어덜트 컨템포러리]",12
"1036","소울 커넥션(Soul Connection)",12
"1037","소이",12
"1038","시로스카이(Shirosky)",12
"1039","신세경",12
"1040","실루엣",12
"1041","아메리카노",12
"1042","엔오케이(NOK)",12
"1043","오종혁(OJ)",12
"1044","용원",12
"1045","우은미",12
"1046","유이 [애프터 스쿨]",12
"1047","이루마(Yiruma)",12
"1048","이승우 [소울스타]",12
"1049","이정석",12
"1050","이한진 밴드",12
"1051","임인건",12
"1052","자미 소울(Jami Soul)",12
"1053","조문근",12
"1054","파스텔 오션(Pastel Ocean)",12
"1055","하젤(Hajel)",12
"1056","할라맨(Halla Man)",12
"1057","힐링프로젝트(Healing Project)",12
"1058","BGH to",11
"1059","곽푸른하늘",11
"1060","그루브 올스타즈(Groove All Stars)",11
"1061","긱스(Gigs)",11
"1062","김디지(Deegie) [트레블러]",11
"1063","김창완 밴드(Kim Chang Wan Band)",11
"1064","나인(Nine9)",11
"1065","노민우",11
"1066","디제이 와사(DJ Wasa)",11
"1067","바스코(Vasco)",11
"1068","박준하",11
"1069","송광식",11
"1070","수퍼러너(Superrunner)",11
"1071","스트로베리 레인(Strawberry Rain)",11
"1072","악퉁(Achtung)",11
"1073","웅산 With DJ Okawari",11
"1074","워렌(Warren)",11
"1075","원 펀치(One Punch)",11
"1076","이영미 [뮤지컬]",11
"1077","이해완 [보드카레인]",11
"1078","저스트(Just)",11
"1079","정혜담",11
"1080","줄리아 하트(Julia Hart)",11
"1081","최예나",11
"1082","키비(Kebee) [이루펀트]",11
"1083","포스티노(Postino)",11
"1084","하이디",11
"1085","헤븐 [솔로]",11
"1086","헬로비너스(HELLOVENUS)",11
"1087","Air Supply(에어 서플라이)",10
"1088","G.고릴라",10
"1089","Karla Bonoff(칼라 보노프)",10
"1090","Landon Pigg(랜던 피그)",10
"1091","M.I.B(Most Incredible Busters)",10
"1092","Michael Buble(마이클 부블레)",10
"1093","NS Yoon-G ",10
"1094","김효진 [배우]",10
"1095","꽃잠 프로젝트(GGot Jam Project)",10
"1096","노매드(Nomad)",10
"1097","드린지 오(Dringe Augh)",10
"1098","로맨틱 가든(Romantic Garden)",10
"1099","루다(Ruda)",10
"1100","리미와 감자",10
"1101","마더컨트리",10
"1102","모리아(Moria)",10
"1103","문용(Moonyong)",10
"1104","미나",10
"1105","소냐(Sonya)",10
"1106","숄(Sol)",10
"1107","스카이 하이(Sky High)",10
"1108","승리",10
"1109","아지아틱스(AZIATIX)",10
"1110","알버트 주(Albert Joo)",10
"1111","어떤날",10
"1112","옐로우 페인트(Yellow Paint)",10
"1113","오드(Ode)",10
"1114","오세준",10
"1115","유잔Q",10
"1116","육각수밴드",10
"1117","이루리 프로젝트",10
"1118","이영훈 [인디]",10
"1119","이태권",10
"1120","장범준",10
"1121","제이켠(J'Kyun) [럭키제이]",10
"1122","카피머신(Copy Machine)",10
"1123","태인",10
"1124","튠(TUNE)",10
"1125","트램폴린(Trampauline)",10
"1126","한소현",10
"1127","황규영",10
"1128","406호 프로젝트",9
"1129","Blee(블리)",9
"1130","Dreamhouse",9
"1131","Fesure Native(페셔네이티브)",9
"1132","H2가인(歌人)",9
"1133","JUUNO",9
"1134","Michael Franks(마이클 프랭스)",9
"1135","MIWOO(미우)",9
"1136","Port Of Notes(포트 오브 노츠)",9
"1137","Robbie Williams(로비 윌리암스)",9
"1138","S.M. The Ballad '제규종지'",9
"1139","Tamia(타미아)",9
"1140","The Finnn",9
"1141","Yael Naim(야엘 나임)",9
"1142","가리나 프로젝트(Garina Project)",9
"1143","김은태",9
"1144","나비효과",9
"1145","레드소울(Redsoul)",9
"1146","로맨틱멜로디초비",9
"1147","루앤(Luanne)",9
"1148","미(MIIII)",9
"1149","미드 타운 밴드(Mid Town Band)",9
"1150","미선이",9
"1151","미카엘 밴드(Michael Band)",9
"1152","바나나보트(Banana Boat)",9
"1153","보이프렌드(Boyfriend)",9
"1154","뷰티풀 데이즈(Beautiful Days)",9
"1155","사비나앤드론즈(Savina & Drones)",9
"1156","서태지",9
"1157","스테이튠(Stay Tune)",9
"1158","시인과 촌장",9
"1159","신나는섬",9
"1160","썸데이(Someday)",9
"1161","애프터스쿨 Blue",9
"1162","오후만 있던 일요일",9
"1163","유재석",9
"1164","이수",9
"1165","이종현 [CNBLUE]",9
"1166","이지혜",9
"1167","이퍼블릭(E-Public)",9
"1168","조(Jo)",9
"1169","조이락",9
"1170","초콜렛 박스(Chocolate Box)",9
"1171","콩나물(Bean Sprouts)",9
"1172","태사비애",9
"1173","플라스틱(Plastic)",9
"1174","플럭서스 보이시스",9
"1175","피플 크루(People Crew)",9
"1176","하늘 [그룹]",9
"1177","Alexander Dolsky",8
"1178","ASHGRAY(애쉬그레이)",8
"1179","BN옴니버스",8
"1180","Clara C(클라라 씨)",8
"1181","FOLEY(폴리)",8
"1182","Funny Powder(퍼니 파우더)",8
"1183","Kurt Bestor(커트 베스터)",8
"1184","Lasse Lindh(라쎄린드)",8
"1185","M시그널",8
"1186","Tama Rhodes(타마 로즈)",8
"1187","Y2K",8
"1188","건휘",8
"1189","곽은기",8
"1190","구본승",8
"1191","구피(Goofy)",8
"1192","나일론에세이(Nylon Essay)",8
"1193","대니 정(Danny Jung)",8
"1194","더 젬(The Gem)",8
"1195","드래곤플라이(Dragonfly)",8
"1196","렌(Len)",8
"1197","루빈(Ruvin)",8
"1198","루아민",8
"1199","민효린",8
"1200","바닐라시티(Vanila City)",8
"1201","박진혁",8
"1202","백동우",8
"1203","베이시스(Basis)",8
"1204","브라우니 스픽스(Brownie Speaks)",8
"1205","빨간의자",8
"1206","샤크라(Chakra)",8
"1207","세븐스 플로어(The 7th Floor)",8
"1208","소방차",8
"1209","소울 다이브(Soul Dive)",8
"1210","소울원(Soul One)",8
"1211","숙희",8
"1212","스맥스(S'Max)",8
"1213","스푸키 프로젝트(Spooky Project)",8
"1214","신은성",8
"1215","아날로그 소년",8
"1216","아웃사이더(Outsider)",8
"1217","아이엠(iM)",8
"1218","어반 코너(Urban Corner)",8
"1219","에스프레소(금석균)",8
"1220","이상(E.Sang)",8
"1221","이오스(E.O.S)",8
"1222","이푸름",8
"1223","장동건",8
"1224","전영진",8
"1225","제아 [브라운 아이드 걸스]",8
"1226","조아혜",8
"1227","지선(Jisun) ",8
"1228","징고(Zingo) [슈퍼키드]",8
"1229","천상지희 더 그레이스(天上智喜 The Grace)",8
"1230","컬트(Cult)",8
"1231","키덜트(Kidult) [인디락]",8
"1232","타바코쥬스(Tobacco Juice)",8
"1233","토리 [인디]",8
"1234","투나잇(Tonight)",8
"1235","투앤비(2NB)",8
"1236","파스텔블루(Pastel Blue)",8
"1237","프리키(Freaky)",8
"1238","프린지(Pringe)",8
"1239","하찌와애리(Hachi&Eri;)",8
"1240","한기란 [와인루프]",8
"1241","한성민",8
"1242","한영애",8
"1243","핸섬피플(Handsome People)",8
"1244","홀린(Hlin)",8
"1245","1984",7
"1246","C-CLOWN(씨클라운)",7
"1247","Janis Ian(재니스 이안)",7
"1248","JJ Project(제이제이 프로젝트)",7
"1249","John Pizzarelli(존 피자렐리)",7
"1250","Le Blanc & Carr(르 블랑 & 카)",7
"1251","PK 헤만(PK Heman)",7
"1252","Sound Providers(사운드 프로바이더스)",7
"1253","The Papers",7
"1254","Tony Orlando & Dawn(토니 올란도 앤드 던)",7
"1255","권소영",7
"1256","권인하",7
"1257","그로칼랭(Gros-Calin)",7
"1258","김원준",7
"1259","김정균 (a.k.a 김거지)",7
"1260","김종서",7
"1261","남준봉 [여행스케치]",7
"1262","네온스(Neons)",7
"1263","늦봄",7
"1264","다방(D'avant)",7
"1265","더 그랜드(The Grand)",7
"1266","듀크(Duke)",7
"1267","라임버스(Rhyme Bus)",7
"1268","람다(Ramda)",7
"1269","리딤(Riddim)",7
"1270","맹유나(Kikiyuna)",7
"1271","머쉬룸즈(Mushru:ms)",7
"1272","모노토닉(Monotonik)",7
"1273","바이루피타(Bye, Lupita)",7
"1274","벗님들",7
"1275","뷰티핸섬(BeautyHandsome)",7
"1276","브라운브레스(Brownbreath)",7
"1277","블루파프리카(Bluepaprika)",7
"1278","서후",7
"1279","소리헤다",7
"1280","송재호",7
"1281","스핏 파이어(Spit Fire)",7
"1282","시드 사운드(SID-Sound)",7
"1283","씨에스피(CSP) [크리스피 크런치]",7
"1284","아이리쉬 커피(Irish Coffee)",7
"1285","안경은오형",7
"1286","애시드 하이(Acid high)",7
"1287","애프터 레인(After Rain)",7
"1288","어 모던(A Modern)",7
"1289","엄브렐라 스탠드(Umbrella Stand)",7
"1290","연진",7
"1291","오윤혜",7
"1292","와이케이(YK)",7
"1293","유민지",7
"1294","유앤러브앤마마(YouAndLovE & MAMA)",7
"1295","유정균 [세렝게티]",7
"1296","윤석철 트리오(SC Yun's Trio)",7
"1297","은지원",7
"1298","이란",7
"1299","이범학",7
"1300","이병우",7
"1301","전영록",7
"1302","전효성 [시크릿]",7
"1303","정민경 ['2010]",7
"1304","정준영",7
"1305","제다이(Jediii)",7
"1306","조윤성",7
"1307","조준프로젝트",7
"1308","지플라(G.Fla)",7
"1309","천상혁",7
"1310","최영준 [체스]",7
"1311","칵스(THE KOXX)",7
"1312","키스위치",7
"1313","투 체어스(Two Chairs)",7
"1314","트리-비(Tri-be)",7
"1315","트리탑스(Tritops)",7
"1316","파파야(Papaya)",7
"1317","프롬(Fromm)",7
"1318","플랩(Flap)",7
"1319","피리과(Pirigwa)",7
"1320","한살차이",7
"1321","허쉬(Hush)",7
"1322","11월",6
"1323","Daniel Powter(다니엘 파우터)",6
"1324","Enrico Pieranunzi(엔리코 피에라눈치)",6
"1325","Five(파이브)",6
"1326","G.O(지오) [엠블랙]",6
"1327","Jackson Browne(잭슨 브라운)",6
"1328","Maximilian Hecker(막시밀리안 헤커)",6
"1329","Merian 프로젝트",6
"1330","Oe",6
"1331","걸(Girl)",6
"1332","규원",6
"1333","김동욱",6
"1334","김소정",6
"1335","김승후",6
"1336","김재석 [원티드]",6
"1337","김지연",6
"1338","김태영",6
"1339","낯선(Nassun)",6
"1340","네임리스(Nameless)",6
"1341","다람(Daram)",6
"1342","닥터 레게(Dr. Reggae)",6
"1343","대성",6
"1344","대호(Daeho)",6
"1345","데프콘(Defconn)",6
"1346","돈 스파이크",6
"1347","마르코(Marco) [힙합]",6
"1348","마리앤베리(Marie'n Berry)",6
"1349","무한걸스",6
"1350","문샤이너스(Moonshiners)",6
"1351","바닐라 유니티(Vanilla Unity)",6
"1352","바른생활",6
"1353","박소윤",6
"1354","배따라기",6
"1355","블랙펄(Black Pearl)",6
"1356","비돌스(B.Dolls)",6
"1357","살찐고양이",6
"1358","샘 리(Sam Lee)",6
"1359","셀로판리버(Cellophane River)",6
"1360","소유(So-U)",6
"1361","수지 [miss A]",6
"1362","쉐로(Cherot) [블루아일리즈]",6
"1363","슌(Shoon)",6
"1364","시베리안허스키(Siberian Husky)",6
"1365","아이라인(Eyeline)",6
"1366","알비-프리 코드 콤비네이션(rb-free code combination)",6
"1367","애쉬(Ash)",6
"1368","앤디(Andy)",6
"1369","에스제이(SJ) [Jazz]",6
"1370","염따(YumDDa)",6
"1371","오소영",6
"1372","오키(Oki)",6
"1373","우재",6
"1374","윤대장",6
"1375","윤서진 [Jazz]",6
"1376","윤스 다이어리(Yoon's Diary)",6
"1377","은표",6
"1378","이가희",6
"1379","이덕진",6
"1380","이동건",6
"1381","이주미",6
"1382","이진성 [먼데이 키즈]",6
"1383","일단은 준석이들",6
"1384","임주연",6
"1385","정하윤",6
"1386","제이레이디즈(J.lady's)",6
"1387","제이로직(Jay Logic)",6
"1388","지애 [태사비애]",6
"1389","최성원",6
"1390","태빈(Taebin)",6
"1391","파탈(擺脫/Fatal)",6
"1392","포니테일(Ponytail)",6
"1393","피비스(PB's)",6
"1394","피타입",6
"1395","한지혜 ",6
"1396","5mg",5
"1397","Christina Aguilera(크리스티나 아길레라)",5
"1398","David Sanborn(데이빗 샌본)",5
"1399","GRAY(그레이) [힙합]",5
"1400","Josh Groban(조쉬 그로반)",5
"1401","Keri Noble(케리 노블)",5
"1402","M.I.S(Made In Soul) ",5
"1403","Michael Jackson(마이클 잭슨)",5
"1404","Shay(셰이)",5
"1405","가이아(Gaia) [아트록]",5
"1406","강산에",5
"1407","강준하",5
"1408","궐(Geol)",5
"1409","그레이스(Grace)",5
"1410","김완선",5
"1411","김용준 [SG 워너비]",5
"1412","김재중",5
"1413","니콜",5
"1414","달어쿠스틱(Dalacoustic)",5
"1415","달총 [CHEEZE]",5
"1416","달파란",5
"1417","더하이라이츠(The Hi-Lites)",5
"1418","라이머(Rhymer)",5
"1419","레드락(Red-Roc)",5
"1420","로꼬(Loco)",5
"1421","마마무(Mamamoo)",5
"1422","몽실이 시스터즈",5
"1423","미스티 아이드 걸(Misty-Eyed Girl)",5
"1424","박강수",5
"1425","박정은",5
"1426","반광옥",5
"1427","버나드박",5
"1428","부티끄 나인(Boutique 9)",5
"1429","비다로카(Vida Loca)",5
"1430","사운드샤워(Sound Shower)",5
"1431","선우정아(Sunwoojunga)",5
"1432","성수진",5
"1433","성진우",5
"1434","세인트(Saint)",5
"1435","세하(Seha)",5
"1436","소수빈",5
"1437","슈가(Sugar)",5
"1438","스타리-아이드(Starry-Eyed)",5
"1439","슬림(S.L.I.M)",5
"1440","시나코완 트리오(SinaKowan Trio)",5
"1441","신건",5
"1442","신조음계(Sinzo Eumke)",5
"1443","아서라 이그(Asra IG)",5
"1444","아이니(i-ny)",5
"1445","아프로디노(Afrodino)",5
"1446","애니밴드(Anyband)",5
"1447","오태호",5
"1448","우탄(Wu-Tan)",5
"1449","유니",5
"1450","유승우",5
"1451","이덕진 프로젝트 밴드",5
"1452","이보람 [씨야]",5
"1453","이정열",5
"1454","이지라이프(Ez-Life)",5
"1455","인디언 수니(Indian Soonie)",5
"1456","일렉 쿠키(Elec Cookie)",5
"1457","재즈오텍(Jazzotheque)",5
"1458","제시(Jessi) [럭키제이]",5
"1459","조현아 [어반자카파]",5
"1460","주석(Joosuc)",5
"1461","지니(Geenie)",5
"1462","지민 [곽지민]",5
"1463","진보(Jinbo)",5
"1464","천사(1004)",5
"1465","최백호",5
"1466","최진영 [SKY]",5
"1467","치즈가몽키(Cheeze Ga Monkey)",5
"1468","코코넛(Coconut)",5
"1469","크라운 제이(Crown J)",5
"1470","크레파스",5
"1471","키미 피에스타(Kimy Fiesta)",5
"1472","태원(TaeOne)",5
"1473","티라미슈",5
"1474","틴틴 파이브",5
"1475","파란(Paran)",5
"1476","펑키 브라운(Funky Brown)",5
"1477","프라이머리 스코어(Primary Score)",5
"1478","플랜더블유(Plan.W)",5
"1479","피아노(Piano) [남자듀오]",5
"1480","한스밴드(Han's Band)",5
"1481","한효주 With 브로콜리너마저",5
"1482","홍갑",5
"1483","히나인(Heenain)",5
"1484","2YOON(포미닛 투윤)",4
"1485","45알피엠(45RPM)",4
"1486","Awa(아와)",4
"1487","Gregory Alan Isakov",4
"1488","Ilona(일로나)",4
"1489","Jinny",4
"1490","LPG Loves 래피",4
"1491","Lyrical D",4
"1492","Peggy Lee(페기 리)",4
"1493","Placido Domingo(플라시도 도밍고)",4
"1494","Polaris 이정민",4
"1495","Priscilla Ahn(프리실라 안)",4
"1496","Ruby Star(루비스타)",4
"1497","Sara Bareilles(사라 바렐리스)",4
"1498","가내수공업",4
"1499","고니",4
"1500","고은(Goeun)",4
"1501","길건",4
"1502","김란영",4
"1503","김신우",4
"1504","김하늘(로티플 스카이)",4
"1505","내일 (2011)",4
"1506","노사연",4
"1507","더 비(The Bee)",4
"1508","더 자두(The Jadu)",4
"1509","돕선(Dopesun)",4
"1510","디갈로(Degalo)",4
"1511","라임어택(RHYME-A-)",4
"1512","러브송(Love Song)",4
"1513","러브시티(LoveCity)",4
"1514","레이지본(Lazybone)",4
"1515","레일로드(Railroad)",4
"1516","류시원",4
"1517","리나(Lina) [발라드]",4
"1518","리디아(Lydia)",4
"1519","링크(Link)",4
"1520","마끼아또",4
"1521","마스코타 블루(Mascota Blue)",4
"1522","마이티 코알라",4
"1523","매슬로(Maslo)",4
"1524","메이다니(Maydoni)",4
"1525","멜로위치(Mellowitch)",4
"1526","모노리드(Monolead)",4
"1527","뮤직페이스",4
"1528","미스틱 퍼즐(Mystic Puzzle) ",4
"1529","미씽 아일랜드(Missing Island)",4
"1530","미키드(에어플레인)",4
"1531","민들레 [가요]",4
"1532","박꽃별",4
"1533","박성신",4
"1534","박솔 [솔루션스]",4
"1535","백현수(Baek Hyun Soo)",4
"1536","베니(Venny)",4
"1537","베베미뇽(BeBe Mignon)",4
"1538","브롤리(Brolly)",4
"1539","사계절 정원",4
"1540","서은",4
"1541","셰인(Shayne)",4
"1542","소요",4
"1543","손지연",4
"1544","술제이(SOOL J)",4
"1545","스왈로우(Swallow)",4
"1546","스페이스카우보이(Space Cowboy)",4
"1547","스피카(SPICA)",4
"1548","슬로우잼(Slow Jam)",4
"1549","시계태엽오렌지(Orange Clockwork)",4
"1550","시애나(Siaena)",4
"1551","신촌 블루스",4
"1552","싸지타(Sagitta)",4
"1553","아마도이자람밴드",4
"1554","앤비(N.B)",4
"1555","앰프(Amp)",4
"1556","어쿠스틱 콰이어",4
"1557","얼스(Earls)",4
"1558","엘피지(LPG)",4
"1559","오후(5Who)",4
"1560","우연주",4
"1561","워킹 디스 플래닛(Walking This Planet)",4
"1562","윈디시티(Windy City)",4
"1563","이규호",4
"1564","이상우",4
"1565","이선행(Sunhang Lee)",4
"1566","이지(EG)",4
"1567","이현도(=D.O)",4
"1568","인디언 팜(Indian Palm)",4
"1569","장기호(Kio)",4
"1570","장현승 [비스트]",4
"1571","정태우",4
"1572","제아(브라운 아이드 걸스) ＆ 지오(엠블랙)",4
"1573","조동진",4
"1574","줄리엣(Juliet)",4
"1575","지현",4
"1576","지현우",4
"1577","진호",4
"1578","차지연",4
"1579","창고",4
"1580","채영재",4
"1581","챔프온뮤직(Champon Music)",4
"1582","케미(Kemi)",4
"1583","클로버(Clover)",4
"1584","타이푼",4
"1585","트래져 아일랜드",4
"1586","트랜스픽션(Trans Fixion)",4
"1587","티라미스(Tiramisu)",4
"1588","티아(Tia) ",4
"1589","티아라(소연)",4
"1590","팔로(FarLaw)",4
"1591","프롬유(From. U)",4
"1592","플라스틱 케이스(Plastic Case)",4
"1593","플랫핏(Flat Feet)",4
"1594","하늘달리기",4
"1595","하늘해",4
"1596","하모하모(Hamohamo)",4
"1597","해바라기",4
"1598","허윤아",4
"1599","(핫펠트)예은 [원더걸스]",3
"1600","11시11분",3
"1601","6月엔 UFO가 온다",3
"1602","BGH4",3
"1603","GMB",3
"1604","Mia Doi Todd(미아 도이 토드)",3
"1605","Morten Harket(모튼 하켓)",3
"1606","New Jack",3
"1607","THEY 2010",3
"1608","Tommy Bolin(토미 볼린)",3
"1609","VEN(벤) [힙합]",3
"1610","가다",3
"1611","가리온(Garion)",3
"1612","가비퀸즈(Gavy Queens)",3
"1613","간종욱",3
"1614","개구장애",3
"1615","게으른 오후",3
"1616","고재근",3
"1617","김성규 [인피니트]",3
"1618","김성재",3
"1619","김종찬",3
"1620","김종환",3
"1621","나몰라 패밀리 TKO",3
"1622","나몰라패밀리N",3
"1623","나인 스트릿(9th STREET)",3
"1624","네오 트래디셔널 재즈 트리오(Neo Traditional Jazz Trio)",3
"1625","뉴튼(Newton)",3
"1626","더 스토리(T.H.E. Story)",3
"1627","데니스 프로젝트(Denis Project)",3
"1628","데니안(Ahn Danny)",3
"1629","데일리노트(DailyNote)",3
"1630","동요나라",3
"1631","디스토리(D.Story)",3
"1632","디제이 렉스(DJ Wreckx)",3
"1633","라킨라드(LaKinRad)",3
"1634","룸메이트(Roommate)",3
"1635","리트머스(Litmus)",3
"1636","마로니에 걸즈(Maronie Girls)",3
"1637","마리서사(Mary 敍事)",3
"1638","마술모자 퍼레이드",3
"1639","마이노스 인 뉴올(Minos In Nuol)",3
"1640","마이노스(Minos) [이루펀트]",3
"1641","마일스톤(Milestone)",3
"1642","마지못해민트초코",3
"1643","매드 소울 차일드(Mad Soul Child)",3
"1644","명인희",3
"1645","모노(Mono)",3
"1646","몽키즈(Monkeyz)",3
"1647","뮤직스트릿",3
"1648","바람꽃",3
"1649","박혜민",3
"1650","배장은 트리오(Jangeun Bae Trio)",3
"1651","배철수",3
"1652","백지웅",3
"1653","변재원",3
"1654","브레이브걸스(Brave Girls)",3
"1655","블랙넛(Black Nut)",3
"1656","빌리브(V.elieve)",3
"1657","삐삐밴드",3
"1658","사랑을 만드는 사람들",3
"1659","사이포디아즈(Psypodias)",3
"1660","새바람이 오는 그늘",3
"1661","서진영",3
"1662","선율(旋律) [발라드]",3
"1663","소소한 프로젝트",3
"1664","솔리스트(Soliste)",3
"1665","수니(Soonie)",3
"1666","수연",3
"1667","숨의숲",3
"1668","스니커버드(Sneaker Bird)",3
"1669","스위티(Swi.T)",3
"1670","스프링쿨러(Sprinkler)",3
"1671","스피넬(SpinEL)",3
"1672","신고은",3
"1673","신문희(Moony)",3
"1674","신태권",3
"1675","심신",3
"1676","아날로그숲(ANALOgSOOp)",3
"1677","아웃포스트(Outpost)",3
"1678","아이씨사이다(Icycider)",3
"1679","아티슨비츠(Artisan Beats)",3
"1680","안은정",3
"1681","앤썸(Anthem)",3
"1682","어느하루",3
"1683","어퍼스케리(Aposcary) ",3
"1684","에니악(Eniac)",3
"1685","에세이(sA')",3
"1686","엑스오(XO)",3
"1687","엑스틴(X-Teen)",3
"1688","엠쓰리(M3)",3
"1689","여훈민",3
"1690","옆집 남자(A Boy Next Door)",3
"1691","와이낫?(Ynot?)",3
"1692","원우 [알앤비]",3
"1693","원준희",3
"1694","원택",3
"1695","위퍼(Weeper)",3
"1696","유니파이밴드(Uni-Fi Band)",3
"1697","유소라",3
"1698","유익종",3
"1699","윤사라",3
"1700","이어부스(Earbooth)",3
"1701","이우창",3
"1702","이이언(eAeon)",3
"1703","이현욱",3
"1704","임성은",3
"1705","임영일",3
"1706","장지영",3
"1707","재즈파크 빅밴드(Jazzpark Bigband)",3
"1708","전자양",3
"1709","정시로 [뱅크]",3
"1710","정혜민 [가비앤제이]",3
"1711","제드(Jed)",3
"1712","제이심포니(J-symphony)",3
"1713","제이투엠(J2M)",3
"1714","제인(Jane)",3
"1715","제펫(Jeppet)",3
"1716","주주 클럽(Juju Club)",3
"1717","지기 펠라즈(Jiggy Fellaz)",3
"1718","지마스타(G-Masta)",3
"1719","지서련",3
"1720","지훈(Zi Hoon)",3
"1721","차수경 [Daisy]",3
"1722","최고은",3
"1723","카이",3
"1724","칸토 [트로이]",3
"1725","코코어(Cocore)",3
"1726","타코앤제이형(Tako & J Hyung)",3
"1727","태륜",3
"1728","태사자",3
"1729","태완(C-Luv)",3
"1730","파이브(F-IV)",3
"1731","플라스틱 피플(Plastic People)",3
"1732","플레이밍 스타(Flaming Star)",3
"1733","핑크 엘리펀트(Pink Elephant)",3
"1734","하늘樂(락) 프로젝트",3
"1735","하이브리파인(HybRefine)",3
"1736","허밍제이(Humming.J)",3
"1737","홍은희 [배우]",3
"1738","황미영",3
"1739","황세옥",3
"1740","힐링미(Healing Me)",3
"1741","3월의 토끼",2
"1742","9초(Nine Seconds)",2
"1743","A.T(에이티)",2
"1744","BNR(Brand New Radio)",2
"1745","Delicat X Stally",2
"1746","ILLIONAIRE RECORDS(일리네어 레코즈)",2
"1747","Julienne Taylor(줄리언 테일러)",2
"1748","Mike Goudreau & Friends",2
"1749","Sendyou",2
"1750","Silvio Rodriguez(실비오 로드리게즈)",2
"1751","Unlimit",2
"1752","WHOwho(후후)",2
"1753","Yerim",2
"1754","갈릭스(Garlixx)",2
"1755","감성다락방",2
"1756","감성파장",2
"1757","강촌사람들",2
"1758","개인플레이(Gainplay)",2
"1759","고두림",2
"1760","공CD",2
"1761","길 (Of 리쌍)",2
"1762","김경민 [재즈]",2
"1763","김동욱 (2011)",2
"1764","김두수",2
"1765","김민지 [보이스코리아]",2
"1766","김바다",2
"1767","김사월",2
"1768","김사월X김해원",2
"1769","김새한길",2
"1770","김준선(Kim June Sun)",2
"1771","김창완",2
"1772","꽃미남 주식회사",2
"1773","꽃별(Ccotbyel)",2
"1774","나무자전거",2
"1775","나미",2
"1776","나폴레옹 다이나마이트(Napoleon Dynamite)",2
"1777","네이쳐(Nature)",2
"1778","높은음자리",2
"1779","누빔",2
"1780","니케아(Nickea)",2
"1781","다나 더 그레이스",2
"1782","더 씨야(The Seeya)",2
"1783","더 준(The Jun)",2
"1784","더폼프로젝트(The ForM Project)",2
"1785","도트(Dot)",2
"1786","돕선앤로직스(Dopesun & LogicX)",2
"1787","드로플렛(Droplet) [리퀴드]",2
"1788","디즈(Deez)",2
"1789","디피(DP)",2
"1790","디헤븐",2
"1791","랍티미스트(Loptimist)",2
"1792","레이디 컬렉션(Lady Collection)",2
"1793","레인보우 커피(Rainbow Coffee)",2
"1794","레트로 바이러스(Retro Virus)",2
"1795","로스 아미고스(Los Amigos)",2
"1796","로켓트리(Rockettree)",2
"1797","로퀜스(Loquence) ",2
"1798","루이 (긱스)",2
"1799","마리오(Mario)",2
"1800","마인드 컴바인드(Mind Combined)",2
"1801","매직플로우(Mazik Flow)",2
"1802","메이커슬(Makustle)",2
"1803","메이트리(Maytree)",2
"1804","메인 스트릿(Main Street)",2
"1805","멘사(Mensa)",2
"1806","모닝(Morning)",2
"1807","민트그레이(Mintgray)",2
"1808","박경원",2
"1809","박수진",2
"1810","박태영 [보이스 코리아]",2
"1811","배다해",2
"1812","벨벳글로브(Velvet Glove)",2
"1813","블레스(Bless)",2
"1814","비오아이(B.O.I)",2
"1815","비트겐슈타인(Wittgenstein)",2
"1816","비트윈어스(Between Us)",2
"1817","서엘(SEOEL)",2
"1818","성태",2
"1819","세도나",2
"1820","소울맨 앤 마이노스(Soulman & Minos) ",2
"1821","소울컴퍼니(Soul Company)",2
"1822","손호영",2
"1823","솔리스츠(Solist)",2
"1824","송용창 쿼텟",2
"1825","송크라이(SongCry)",2
"1826","송희원",2
"1827","술제이 인 어메이징 뮤직(Sool J In Amazing Music)",2
"1828","시노(Cino)",2
"1829","시울",2
"1830","싱스(Sings)",2
"1831","써클(Circle)",2
"1832","씨리얼(C-Real)",2
"1833","아스트로비츠(Astro Bits)",2
"1834","안상수",2
"1835","알엔제이(R&J;)",2
"1836","애쉬(Ash) [R&B;]",2
"1837","양수경",2
"1838","어반플래닛(Urbanplanet)",2
"1839","어쿠스틱 코어(Acoustic Core)",2
"1840","에이알티(A.R.T)",2
"1841","엔젤(Enjel) [채은정]",2
"1842","여하",2
"1843","오! 부라더스(Oh! Brothers)",2
"1844","오석준",2
"1845","왓위민원트(What Women Want)",2
"1846","우수(Woosoo) [남성솔로]",2
"1847","유영진",2
"1848","은비 [발라드]",2
"1849","은초(Eun Cho)",2
"1850","음란소년",2
"1851","이뉴(Enue)",2
"1852","이능룡",2
"1853","이병헌 [배우]",2
"1854","이부영",2
"1855","이상민 ",2
"1856","이아레",2
"1857","이예준",2
"1858","이장우",2
"1859","이장혁",2
"1860","이지연",2
"1861","익사이트(Excite)",2
"1862","인소윤",2
"1863","자람 프로젝트(Jaram Project)",2
"1864","장기하",2
"1865","전철",2
"1866","정일영",2
"1867","정혜원",2
"1868","제이 킴(Jay Kim)",2
"1869","제이티엘(JTL)",2
"1870","젠(Zen)",2
"1871","조갑경",2
"1872","조동익",2
"1873","조윤채",2
"1874","조은경",2
"1875","죠앤(Joanne)",2
"1876","주보라",2
"1877","준잭(Jun Jack)",2
"1878","지오(Geo) [일렉트로니카]",2
"1879","지요(G.Yo)",2
"1880","진운",2
"1881","진원",2
"1882","채동하",2
"1883","초콜릿 소울(Chocolate Soul)",2
"1884","최선배",2
"1885","추천음악프로젝트",2
"1886","카말(Kamaal)",2
"1887","케이넌(Canaan)",2
"1888","케이준(K Jun)",2
"1889","쿼트로코드(Quattro Code)",2
"1890","타이키즈(Tykeys)",2
"1891","태하",2
"1892","토스티(Toastie)",2
"1893","트레스패스(Trespass)",2
"1894","티모시",2
"1895","티블루(T-Blue)",2
"1896","티삼스",2
"1897","티티마(T.T.Ma)",2
"1898","파이브돌스(F-ve Dolls)",2
"1899","펜토(Pento)",2
"1900","프라이머리 스쿨(Primary Skool)",2
"1901","피쉬(Fish) [락]",2
"1902","피에스타(FIESTAR)",2
"1903","필베이(Feelbay)",2
"1904","하마가파우치(Hamagapouch)",2
"1905","하이 미스터 메모리(Hi, Mr. Memory)",2
"1906","하이진(Hyejin)",2
"1907","해금",2
"1908","해빗(Habit)",2
"1909","헤븐노우즈(HeavenKnows)",2
"1910","홍인성",2
"1911","홍채린",2
"1912","화나(FANA)",2
"1913","황혜정",2
"1914","휴먼레이스(Human Race)",2
"1915","희영(Hee Young)",2
"1916","4번출구",1
"1917","BB.BOYS(비비 보이즈)",1
"1918","Club505(클럽505)",1
"1919","D. Pec",1
"1920","Eva(에바)",1
"1921","Fool's Garden(풀스 가든)",1
"1922","Gazebo(가제보)",1
"1923","Goodbye Sadness 구정현",1
"1924","GOT7",1
"1925","Ku Il Oh Trio(쿠일오 트리오)",1
"1926","Lenka(렌카)",1
"1927","Masta Wu",1
"1928","Michael Bolton(마이클 볼튼)",1
"1929","MJ(써니사이드)",1
"1930","Mondo Grosso(몬도 그로소)",1
"1931","OK PUNK!",1
"1932","PD블루",1
"1933","Red Velvet(레드벨벳)",1
"1934","S.M. THE BALLAD",1
"1935","Savina Yannatou(사비나 야나투)",1
"1936","Script(스크립트)",1
"1937","Youn Woo Park Trio(박윤우 트리오)",1
"1938","강백수",1
"1939","강세윤 [액티브]",1
"1940","개코",1
"1941","고서이",1
"1942","고호경",1
"1943","골든팝스(Golden Pops)",1
"1944","곽윤찬 With Brian McKnight",1
"1945","권성연",1
"1946","권영찬",1
"1947","권은지 [Ballad]",1
"1948","길구봉구",1
"1949","김규민",1
"1950","김나영 [여성솔로]",1
"1951","김남길",1
"1952","김도연 [인디]",1
"1953","김동완",1
"1954","김만희 [CCM]",1
"1955","김명주",1
"1956","김민기",1
"1957","김박첼라",1
"1958","김범룡",1
"1959","김보령",1
"1960","김소리",1
"1961","김송이",1
"1962","김수근",1
"1963","김영훈",1
"1964","김정은",1
"1965","김정호",1
"1966","김진엽",1
"1967","김창남",1
"1968","김현주",1
"1969","나몰라패밀리 JW",1
"1970","나오미(Naomi)",1
"1971","내가그린(Naega Green)",1
"1972","노룬산 프로젝트",1
"1973","노바소닉(Novasonic)",1
"1974","노블레스 ＆ 어쿠스틱콜라보 ",1
"1975","니모(Ne;MO)",1
"1976","다섯손가락",1
"1977","다소니(Dasoni)",1
"1978","다이스(D.I.C.E)",1
"1979","다이아(Dia)",1
"1980","다혜",1
"1981","더 골드(The Gold)",1
"1982","더 버드(The Bird)",1
"1983","더 카(The Car)",1
"1984","더 크래용스(The Crayons)",1
"1985","데미안더밴드(DEMIAN THE BAND)",1
"1986","디스코트럭",1
"1987","라디오맨",1
"1988","락스톤(Rockstone)",1
"1989","량현량하",1
"1990","레시피밴드(Recipe Band)",1
"1991","로맨티스코(Romantisco)",1
"1992","로맨틱 모먼트(Romantic Moment)",1
"1993","로맨틱 사운드 드라이브(Romantic Sound Drive)",1
"1994","로맨틱 소울(Romantic Soul)",1
"1995","로빈(Robbin)",1
"1996","로빈이 토끼란 사실을 알고 있었나?",1
"1997","류석원",1
"1998","리브가",1
"1999","리코(Rico)",1
"2000","마스터 케이지(Master Kz)",1
"2001","마이콜(Mycoll)",1
"2002","마지막 토스트(Lastoast)",1
"2003","만쥬한봉지",1
"2004","망각화",1
"2005","메건리(Megan Lee)",1
"2006","메이크라인(Makeline)",1
"2007","모노 다이어리(Mono Diary)",1
"2008","모모(Momo) [여성]",1
"2009","몸과마음",1
"2010","무가당(舞歌黨)",1
"2011","문선(Moonsun)",1
"2012","미남오빠",1
"2013","미노(Mino) [프리스타일]",1
"2014","미드나잇 램프",1
"2015","믹스프레소(Mixpresso)",1
"2016","민트비(Mint.B)",1
"2017","민해경",1
"2018","바닐라 루시(Vanilla Lucy)",1
"2019","바람을 가르고(Untouched Wind)",1
"2020","바버렛츠",1
"2021","바이 바이 배드맨(Bye Bye Badman)",1
"2022","박강성",1
"2023","박남정",1
"2024","박신혜 [배우]",1
"2025","박정아",1
"2026","방용국",1
"2027","배장은",1
"2028","백재아",1
"2029","백현진",1
"2030","번아웃하우스",1
"2031","베베퀸",1
"2032","베이식(Basick)",1
"2033","브이(V) [프로젝트그룹]",1
"2034","블랙 라벨(Black Label) ",1
"2035","블랙 스트라이크(Black Strike)",1
"2036","블루 샤벳(Blue Sorbet)",1
"2037","블루 스프링(Blue Spring)",1
"2038","블링 더 캐쉬(Bling The Cash)",1
"2039","비육일이(B612)",1
"2040","비즈니즈(Bizniz)",1
"2041","빨간머리앤",1
"2042","사람과 나무",1
"2043","사탕고래",1
"2044","샛별",1
"2045","서브웨이(Subway)",1
"2046","서지영",1
"2047","선데이 시크릿",1
"2048","선우 ",1
"2049","성심당 악단",1
"2050","소울 트로닉(Soul Tronik)",1
"2051","소호대",1
"2052","솔튼페이퍼(SALTNPAPER)",1
"2053","솜사탕",1
"2054","송골매",1
"2055","송영주(JuJu Song)",1
"2056","수와 진",1
"2057","수정선",1
"2058","슈퍼스타 K 2",1
"2059","스타아트(Starart)",1
"2060","스텔라(Stellar)",1
"2061","스패로우",1
"2062","스피캣(Speakat)",1
"2063","시진",1
"2064","신도영",1
"2065","신소희",1
"2066","신지",1
"2067","심성락",1
"2068","심수봉",1
"2069","심재준",1
"2070","썸머드레스(Summer Dress)",1
"2071","쏠라티(Solati)",1
"2072","씨비 매스(CB Mass)",1
"2073","씨팍(Ssipak)",1
"2074","아라 [인디]",1
"2075","아루앤폴(Aroo N Paul)",1
"2076","아이돌(Idol)",1
"2077","아카시아(AcAciA)",1
"2078","알케미스트(R★Chemist)",1
"2079","애인(Ayn)",1
"2080","어느새",1
"2081","어바날로그(Urbanalog)",1
"2082","에네스 그레이(Eness Gray)",1
"2083","에스진(S.Jin)",1
"2084","에이블(A-ble)",1
"2085","에이투씨(A2C)",1
"2086","엘리카(Elika)",1
"2087","엠&엔(M&N;)",1
"2088","엠씨 메타와 디제이 렉스(MC META & DJ WRECKX)",1
"2089","연륜",1
"2090","오르프제겐 뮤직",1
"2091","오수민",1
"2092","오프스텝(Off Step)",1
"2093","올드피쉬(Oldfish)",1
"2094","와이(Y)",1
"2095","우노(Uno) [댄스팝]",1
"2096","우림프로젝트",1
"2097","우주빌리브러브(UZU Believe Luv)",1
"2098","우효(Oohyo)",1
"2099","위치스(Witches)",1
"2100","유근호",1
"2101","유사라",1
"2102","유승찬",1
"2103","유영석",1
"2104","유채영",1
"2105","윤성기 [휴먼레이스]",1
"2106","윤제(Yunje)",1
"2107","이경현",1
"2108","이규호(Kyo)",1
"2109","이나래 [알앤비]",1
"2110","이동원",1
"2111","이매진(I:magine)",1
"2112","이상엽",1
"2113","이상의날개",1
"2114","이상한 나라의 달리스",1
"2115","이성우 [나잇어클락]",1
"2116","이영준",1
"2117","이예린 [인디팝]",1
"2118","이주원",1
"2119","이츠(it's)",1
"2120","이혁 [노라조]",1
"2121","익스(Ex)",1
"2122","인공위성",1
"2123","임상아",1
"2124","임현기",1
"2125","장미하관 (노홍철 & 장미여관)",1
"2126","잼(Zam)",1
"2127","쟈스민 [알앤비]",1
"2128","전영세 트리오",1
"2129","정재원(a.k.a 적재)",1
"2130","정형돈",1
"2131","제이니루즈(Zany Rouge)",1
"2132","제이엔씨(JNC)",1
"2133","제이제이(JJ) [여성]",1
"2134","조PD VS. Postino",1
"2135","조이프로젝트(ZOY Project)",1
"2136","조혜원",1
"2137","죠리(Joe Rhee)",1
"2138","준(June)",1
"2139","쥬비(Jubi)",1
"2140","지니어스디(Genius D)",1
"2141","진선(JinSun)",1
"2142","차여울",1
"2143","찬스(Chance)",1
"2144","채환",1
"2145","최신인기동요",1
"2146","최지훈 트리오",1
"2147","카모(Kamo)",1
"2148","캐비넷 싱얼롱즈(Cabinet Singalongs)",1
"2149","커프러버튼(Couple Of Button)",1
"2150","커피브로스(Coffee Bros)",1
"2151","코멘트라이즈(Commentlize)",1
"2152","코인",1
"2153","코튼 팩토리(Cotton Factory)",1
"2154","쿤타(Koonta)",1
"2155","크리스탈 [f(x)]",1
"2156","클라우댄서(Cloudancer)",1
"2157","클레오(Cleo)",1
"2158","타이(Tie)",1
"2159","태군",1
"2160","태무",1
"2161","터치(Touch)",1
"2162","투 로맨스(To Romance)",1
"2163","투아(TOA)",1
"2164","트라이엄프(Triump)",1
"2165","티엘(T.L) [Acoustic]",1
"2166","티지어스(Tgus)",1
"2167","파리돼지앵(정형돈 & 정재형)",1
"2168","팝레코드하우스(Pop Record House)",1
"2169","팝시클(Popsicle )",1
"2170","팻두(FatDoo)",1
"2171","푸푸엘라(PoohPuella)",1
"2172","프리픽스(Prepix)",1
"2173","플레이트(Plate)",1
"2174","피아(Pia)",1
"2175","피아노 I",1
"2176","하라소라(Harasora)",1
"2177","하루(Haru) [여성]",1
"2178","하비티(HavyT)",1
"2179","하상규",1
"2180","하예나",1
"2181","한강의 기적",1
"2182","한국인 [우주히피]",1
"2183","한채윤 [인디]",1
"2184","햇빛촌",1
"2185","허니 패밀리(Honey In Honey Family)",1
"2186","헤윰(Heyum)",1
"2187","헨미(Henmi)",1
"2188","헬프미(Help Me)",1
"2189","형돈이와 대준이",1
"2190","형용돈죵 (정형돈 & G-Dragon)",1
"2191","혜이니(Heyne)",1
"2192","홀리 가든(Holly Garden)",1
"2193","황보(Hwang Bo)",1
"2194","효빈",1
"2195","후(吼/Hoo)",1
"2196","후레쉬 보이즈(Fresh Boyz)",1
