Artist,cnt
성시경,281.0
김동률,211.0
임창정,199.0
아이유(IU),177.0
윤종신,173.0
싸이(Psy),157.0
SG워너비,144.0
이적,134.0
김건모,134.0
버스커 버스커(Busker Busker),132.0
박효신,129.0
브라운 아이드 소울(Brown Eyed Soul),125.0
바이브(Vibe),123.0
리쌍(Leessang),117.0
에일리(Ailee),117.0
브라운 아이즈(Brown Eyes),114.0
김연우,110.0
린(LYn),110.0
노을,103.0
신해철,99.0
어반 자카파(Urban Zakapa),98.0
나윤권,96.0
서영은,93.0
이승철,88.0
알리(Ali),83.0
부활,83.0
정동하,82.0
휘성,81.0
케이윌(K.Will),76.0
토이(Toy),76.0
나얼(Na-Ul),76.0
이승환,75.0
투애니원(2NE1),75.0
포맨,72.0
신승훈,72.0
지아(Zia),71.0
버즈(Buzz),70.0
허각,70.0
이문세,68.0
제이벨(J BEL),66.0
윤하(Younha/ユンナ),65.0
제이레빗(J Rabbit),64.0
커피소년,64.0
가을방학,63.0
씨스타(Sistar),63.0
에픽 하이(Epik High),61.0
프라이머리(Primary),61.0
테이(Tei),60.0
윤건,60.0
김범수,59.0
조성모,59.0
이소라,59.0
엠씨 더 맥스(M.C the Max),57.0
백지영,57.0
다이나믹 듀오(Dynamic Duo),57.0
넬(Nell),56.0
공일오비(015B),55.0
러브홀릭(Loveholic),54.0
10cm(십센치),53.0
이수영,53.0
임정희,52.0
지오디(god),51.0
슈프림팀(Supreme Team),50.0
박지윤,50.0
프리 스타일(Free Style),49.0
에피톤 프로젝트(Epitone Project),49.0
전람회,48.0
로이킴,48.0
스탠딩 에그(Standing Egg),47.0
메이트(Mate),45.0
에코 브릿지(Eco bridge),45.0
걸스데이(Girl's Day),45.0
정준일 [메이트],44.0
넥스트(N.EX.T),43.0
화요비,43.0
하림,43.0
윤도현,42.0
보아(BoA),42.0
정인,42.0
팀(Tim),41.0
김태우,41.0
존 박(John Park),41.0
리즈(Leeds),40.0
이승기,40.0
박정현,40.0
거미,40.0
긱스(Geeks),40.0
럼블 피쉬(Rumble Fish),39.0
장재인,39.0
장혜진,39.0
왁스(Wax),38.0
데이브레이크(daybreak),38.0
바비 킴(Bobby Kim),38.0
클래지콰이(Clazziquai),37.0
랄라스윗(lalasweet),37.0
터보(Turbo),36.0
라디(Ra.D),36.0
디어 클라우드(Dear Cloud),36.0
제이(J.ae),36.0
애즈 원(As One),36.0
웅산,36.0
김광석,36.0
요조(Yozoh),35.0
빅마마(Big Mama),35.0
양파,35.0
쿨(COOL),34.0
악동뮤지션(AKMU),34.0
MC 몽,34.0
조규찬,34.0
브로콜리너마저,33.0
김광진,33.0
동방신기(TVXQ!),32.0
윈터플레이(Winterplay),32.0
김현철,31.0
원 모어 찬스(one more chance),31.0
루시드 폴(Lucid Fall),31.0
BIGBANG,31.0
윤상,31.0
임재범,30.0
자전거 탄 풍경,30.0
Lucia(심규선),29.0
박혜경,29.0
정재욱,29.0
이기찬,28.0
브라운 아이드 걸스,27.0
이은미,27.0
라이너스의 담요(Linus' Blanket),27.0
정키(Jung Key),26.0
정엽,26.0
소녀시대,26.0
알렉스(Alex) [클래지콰이],26.0
어쿠스틱 콜라보(Acoustic Collabo),26.0
신용재 [4men],26.0
서지원,25.0
박진영,25.0
참깨와 솜사탕,25.0
비스트(Beast),25.0
먼데이 키즈(Monday Kiz),24.0
솔리드(Solid),24.0
언니네 이발관,24.0
더블케이(Double K),23.0
재주소년,23.0
브이오에스(V.O.S.),23.0
허밍 어반 스테레오(Humming Urban Stereo),23.0
페이지(Page),23.0
손승연,23.0
매드 클라운(Mad Clown),23.0
KCM,22.0
유리상자,22.0
박보람,22.0
플라이 투 더 스카이(Fly To The Sky),22.0
보보(Bobo),21.0
스윗소로우(SWEET SORROW),21.0
김조한,21.0
보싸다방(Bossa Dabang),21.0
하동균,21.0
백아연,21.0
검정치마,21.0
조장혁,21.0
김형중,20.0
강타,20.0
블락비(Block B),20.0
옥상달빛,20.0
캐스커(Casker),19.0
유엔(UN),19.0
이바디(Ibadi),19.0
딕펑스(Dick Punks),19.0
박주원,19.0
다비치,19.0
바닐라 어쿠스틱(Vanilla Acoustic),18.0
소울스타(Soulstar),18.0
버블 시스터즈(Bubble Sisters),18.0
에이치(H),18.0
마로니에(Maronnier),18.0
곽진언,18.0
델리 스파이스(Deli Spice),18.0
t윤미래,17.0
가비엔제이(Gavy N.J.),17.0
처진 달팽이(유재석 & 이적),17.0
가인 [브라운아이드걸스],17.0
배치기,17.0
티아라(T-ara),17.0
박완규,17.0
BMK,17.0
임헌일 [메이트],16.0
이지형,16.0
이지영,16.0
김진표(JP),16.0
스웨덴세탁소,16.0
울랄라세션(Ulala Session),16.0
노리플라이(no reply),16.0
카라(Kara),16.0
오현란,16.0
박기영,16.0
오렌지캬라멜(Orange Caramel),16.0
에메랄드 캐슬(Emerald Castle),15.0
비스윗(Besweet),15.0
나비(Navi),15.0
별,15.0
김윤아,15.0
더 원(The One),15.0
인피니트(Infinite),15.0
김종국,15.0
써니힐(Sunny Hill),15.0
백미현,14.0
스토리(Story) (솔로),14.0
몽니(Monni),14.0
SG워너비 김진호,14.0
한경일,14.0
스테이트루(Staytrue),14.0
성훈 [Brown Eyed Soul],14.0
코요태,14.0
전소영,14.0
2AM,14.0
포미닛(4minute),14.0
팬텀,14.0
양요섭 [비스트],14.0
남예지,14.0
페이퍼컷 프로젝트(Papercut Project),14.0
박상민,14.0
투투(Two Two),14.0
장지연 [인디],14.0
짙은(Zitten),14.0
40(포티),14.0
Morris Albert(모리스 알버트),14.0
조pd(ZoPD),14.0
홍경민,14.0
Gwyneth Herbert(기네스 허버트),14.0
폴킴(Paul Kim),14.0
송 오브 루나(Song Of Luna),14.0
김필(Kim Feel),14.0
김현성,14.0
현빈,14.0
에코(ECO),14.0
Kricc(크릭),14.0
에이트(8Eight),14.0
김그림,14.0
엄정화,14.0
유재하,14.0
디제이 아키(DJ AKI),14.0
크루셜스타(Crucial Star),14.0
헤리티지(Heritage),14.0
Kenny Loggins(케니 로긴스),14.0
leeSA(리싸),13.0
김민종,13.0
서인영,13.0
포터블 그루브 나인(Portable Groove 09),13.0
소란(Soran),13.0
동물원,13.0
3호선 버터플라이(3호선 Butterfly),13.0
안녕 바다,13.0
원웨이(Oneway),13.0
이루(Eru),13.0
크레용팝(Crayon Pop),13.0
포지션(Position),12.0
앤(Ann),12.0
키스(Kiss),12.0
영준 [Brown Eyed Soul],12.0
영턱스클럽(YTC),12.0
진주,12.0
JUNIEL(주니엘),12.0
데이라이트(Daylight),12.0
장미여관,12.0
솔루션스(THE SOLUTIONS),12.0
알앤피(RNP),12.0
이그나이트(Ignite),12.0
신재,12.0
YB,12.0
박새별,12.0
브라더수(BrotherSu),12.0
최정철,12.0
EXO,11.0
김현정,11.0
소녀시대-태티서(Girls' Generation-TTS),11.0
토마스 쿡(Thomas Cook),11.0
옥주현,11.0
씨야(SeeYa),11.0
유미,11.0
고찬용,11.0
언타이틀(Untitle),11.0
스페이스 A(Space A),11.0
비프리(B-Free),11.0
씨유(See U),11.0
원타임(1TYM),11.0
DMTN,10.0
소심한 오빠들(Sosimboys),10.0
피터팬 컴플렉스(Peterpan Complex),10.0
이석훈 [SG워너비],10.0
JYJ,10.0
소울라이츠(Soulights),10.0
오지은,10.0
솔지 [EXID],10.0
하은,10.0
고한우,10.0
하현곤,10.0
SAT,10.0
승리,10.0
W(Where The Story Ends),10.0
WINNER,10.0
아이비(IVY),10.0
빈지노(Beenzino),10.0
손담비,10.0
레이디스 코드(LADIES' CODE),10.0
버벌진트(Verbal Jint),10.0
투어리스트(The Tourist),10.0
더 레이(The Ray),10.0
반반 프로젝트,10.0
브이원 (V.One),10.0
블록(Block),10.0
테테(Tete),10.0
모리아(Moria),10.0
낯선 사람들,10.0
이용,9.0
코쿤벨즈(Cocoon Bells),9.0
자자(Zaza),9.0
제이워크(J-Walk),9.0
한희정,9.0
브리즈(The Breeze),9.0
린애,9.0
신혜성,9.0
유희열,9.0
김예림 [투개월],9.0
토이멜라(Toymela),9.0
아소토 유니온(Asoto Union),8.0
도원경,8.0
루아민,8.0
이선희,8.0
프렐류드(Prelude),8.0
페퍼톤스(Peppertones),8.0
뜨거운 감자(Hot Potato),8.0
규현(KYUHYUN),8.0
지나(G.NA),8.0
은미(Eunmi),8.0
닥터심슨(Dr.Simpson),8.0
정기고(Junggigo),8.0
Iconiq(아이코닉),8.0
마이 앤트 메리(My Aunt Mary),8.0
우주히피(Cosmos Hippie),8.0
Zion.T,8.0
Westlife(웨스트라이프),8.0
레인보우(Rainbow),8.0
젠틀 레인(Gentle Rain),8.0
달샤벳(Dal★shabet),8.0
패닉(Panic),8.0
엔오케이(NOK),7.0
여울 [인디],7.0
자우림(Jaurim),7.0
인순이,7.0
스윙스(Swings),7.0
마루마루,7.0
박재범(Jay Park),7.0
나희경 [Jazz],7.0
나겸 [아가톤],7.0
이소은,7.0
고유진(플라워),7.0
더 크로스(The Cross),7.0
틴 탑(Teen Top),7.0
환희,7.0
소규모 아카시아 밴드,7.0
에이핑크(Apink),7.0
김정민,7.0
2스토리(2story),7.0
파니핑크(Fanny Fink) ,7.0
컬트(Cult),7.0
윤한(Yoonhan),6.0
문명진,6.0
타루(Taru),6.0
에디킴,6.0
MC 한새(MC haNsAi),6.0
윤서진 [Jazz],6.0
은표,6.0
람다(Ramda),6.0
양희은,6.0
혜령,6.0
더 넛츠(The Nuts),6.0
에프엑스(f(x)),6.0
제이레이디즈(J.lady's),6.0
조정현,6.0
사피에르(Saphier),6.0
서후,6.0
필(Feel),6.0
푸딩(Pudding),6.0
하리(Hari),6.0
김지수,6.0
2PM,6.0
소유,6.0
정인호,6.0
JC지은,6.0
슈가볼(Sugarbowl),6.0
유열,6.0
변진섭,6.0
러브홀릭스(Loveholics),6.0
혁오(hyukoh),6.0
간미연,6.0
해이(Hey),6.0
여진(Yeo Jin),6.0
영지(버블시스터즈),6.0
뱅크(Bank),6.0
Atlantic Starr(아틀란틱 스타),6.0
베란다 프로젝트(Verandah Project),6.0
현아 [포미닛],5.0
타우(Taw),5.0
FTISLAND(에프티 아일랜드),5.0
키덜트(Kidult) [인디락],5.0
H.O.T.,5.0
용원,5.0
장기하와 얼굴들,5.0
우탄(Wu-Tan),5.0
더 멜로디(The Melody),5.0
루싸이트 토끼,5.0
빅 베이비 드라이버(Big Baby Driver),5.0
더필름(The Film),5.0
나르샤 [브라운아이드걸스],5.0
이효리,5.0
버나드박,5.0
김혜림,5.0
벤,5.0
봄여름가을겨울,5.0
불나방스타쏘세지클럽,5.0
두번째 달,5.0
젝스키스(Sechs Kies),5.0
디셈버(December),5.0
세븐데이즈(7Dayz),5.0
서태지와 아이들,5.0
길미,5.0
지민 [곽지민],5.0
20세기 소년,5.0
주영(JooYoung),5.0
나루(Naru) [솔루션스],5.0
이지훈,5.0
시크릿(Secret),5.0
아침(Achime),5.0
효기(Hyoki) [Jazz],5.0
전기뱀장어,5.0
허민,5.0
이현우,5.0
전인권,5.0
안녕하신가영,5.0
나인(Nine9),5.0
나비효과,5.0
신효범,5.0
란(Ran),5.0
Yael Naim(야엘 나임),5.0
은휼,4.0
이상은(Lee Tzsche),4.0
트랙 마켓(Track Market),4.0
흑꼬,4.0
도로시밴드(Dorothy Band),4.0
CHEEZE,4.0
레드애플(Led apple),4.0
드래곤플라이(Dragonfly),4.0
투샤이(2Shai),4.0
DJ DOC,4.0
트러블메이커(Troublemaker),4.0
허윤아,4.0
워렌(Warren),4.0
스웨터(Sweater),4.0
수경 [빨간의자],4.0
반시(Vansy),4.0
제이에이(JA),4.0
박선주,4.0
부가킹즈(Buga Kingz),4.0
미키드(에어플레인),4.0
Susan Jacks(수잔 잭스),4.0
미스티 블루(Misty Blue),4.0
무한궤도,4.0
앤비(N.B),4.0
손성제,4.0
김성호,4.0
모자이크,4.0
지영선,4.0
Polaris 이정민,4.0
장나라,4.0
메이비(MayBee),4.0
달콤한 소금,4.0
리사(Lisa),4.0
샵(S#arp),4.0
보드카 레인(Vodka Rain),4.0
제이투엠(J2M),3.0
투엘슨(2LSON),3.0
푸디토리움(Pudditorium),3.0
조아혜,3.0
하와이,3.0
피비스(PB's),3.0
제이세라(J-Cera),3.0
최진영 [SKY],3.0
제리케이(Jerry. K),3.0
제드(Jed),3.0
한소아,3.0
이한진 밴드,3.0
일렉트로보이즈(ELECTRO BOYZ),3.0
이현 [에이트],3.0
크러쉬(Crush),3.0
장윤주,3.0
장세용,3.0
헤르쯔 아날로그(Herz Analog),3.0
화이트(W.H.I.T.E.),3.0
팀(Team),3.0
트리탑스(Tritops),3.0
임영일,3.0
이재훈 ,3.0
(핫펠트)예은 [원더걸스],3.0
이원진,3.0
그루브 올스타즈(Groove All Stars),3.0
여행스케치,3.0
엠투엠(M To M),3.0
에디(Eddie),3.0
솔플라워(Sol' Flower),3.0
김우주,3.0
김장훈,3.0
양정승(Kiroy Y),3.0
민설,3.0
나몰라패밀리N,3.0
나윤선,3.0
애시드 하이(Acid high),3.0
스맥스(S'Max),3.0
아키버드(Aquibird),3.0
노이즈(Noise),3.0
디에스 커넥션(DS_Connexion),3.0
예인,3.0
소울맨(Soulman),3.0
우은미,3.0
강아솔,3.0
산이(San E),3.0
이루펀트(Eluphant),3.0
박라온,3.0
신은성,3.0
박아셀,3.0
곽푸른하늘,3.0
세렝게티(Serengeti),3.0
비스콜릿(Biscolate),2.0
러브앤팝(Love & Pop),2.0
롤러코스터(Rollercoaster),2.0
루앤(Luanne),2.0
마이큐(MY-Q),2.0
지니(Geenie),2.0
뷰티핸섬(BeautyHandsome),2.0
매슬로(Maslo),2.0
"바이루피타(Bye, Lupita)",2.0
바람에 오르다,2.0
미쓰 에이(miss A),2.0
진운,2.0
동경소녀,2.0
민경훈,2.0
차태현,2.0
박학기,2.0
철이와 미애,2.0
최선배,2.0
벗님들,2.0
파스텔블루(Pastel Blue),2.0
트랙스(Trax),2.0
데미캣(Demicat),2.0
BN옴니버스,2.0
David Sanborn(데이빗 샌본),2.0
G-DRAGON,2.0
헤븐노우즈(HeavenKnows),2.0
허소영,2.0
가을방학 김재훈,2.0
해브어티(Have A Tea),2.0
한성민,2.0
견우,2.0
하이투힘(Hi to him),2.0
곰PD,2.0
하울(HowL),2.0
권순관,2.0
길건,2.0
김돈규,2.0
플라워(Flower),2.0
프롬(Fromm),2.0
김준선(Kim June Sun),2.0
김현식,2.0
나인뮤지스(Nine Muses),2.0
네미시스(Nemesis),2.0
줄라이(July) [뉴에이지],2.0
다비,2.0
더 그랜드(The Grand),2.0
티삼스,2.0
줄리아 하트(Julia Hart),2.0
히트(HITT),2.0
조(Jo),2.0
이영훈 [인디],2.0
송광식,2.0
슬로우 쥰(Slow 6),2.0
세이(Say),2.0
유(U),2.0
오윤혜,2.0
씨에스피(CSP) [크리스피 크런치],2.0
어른아이(Adultchild),2.0
우이경,2.0
이진우 [인디],2.0
조용필,2.0
서울 전자 음악단,2.0
우쿨렐레 피크닉(Ukulele Picnic),2.0
조은경,2.0
비트겐슈타인(Wittgenstein),2.0
알레그로(Allegrow),2.0
야광토끼(Neon Bunny),2.0
앨리스 인 네버랜드(Alice In Neverland),2.0
빅뱅(방승철) [Solo],2.0
좋아서 하는 밴드,2.0
애프터 스쿨(After School) ,2.0
술제이(SOOL J),2.0
원더걸스(Wonder Girls),1.0
에이블(A-ble),1.0
길구봉구,1.0
김경호,1.0
피타입,1.0
장기하,1.0
준(June),1.0
피노다인(Pinodyne),1.0
김동희,1.0
언터쳐블,1.0
김보경,1.0
어반 코너(Urban Corner),1.0
김사랑,1.0
장리인,1.0
양양(YangYang),1.0
김창완 밴드(Kim Chang Wan Band),1.0
김형석,1.0
하유진 ,1.0
강산에,1.0
유영석,1.0
헬로비너스(HELLOVENUS),1.0
A.T(에이티),1.0
B.A.P,1.0
이정,1.0
D. Pec,1.0
이주원,1.0
FOLEY(폴리),1.0
홍채린,1.0
G.O(지오) [엠블랙],1.0
현진영,1.0
HITCHHIKER (히치하이커),1.0
Jackson Browne(잭슨 브라운),1.0
K2(김성면),1.0
이아립,1.0
이호석,1.0
Maximilian Hecker(막시밀리안 헤커),1.0
Priscilla Ahn(프리실라 안),1.0
S.E.S.,1.0
Unknown,1.0
W & Whale(더블유 앤 웨일),1.0
이하이,1.0
강민경 [다비치],1.0
이경현,1.0
남경윤,1.0
은초(Eun Cho),1.0
은지원,1.0
강우진,1.0
애프터 레인(After Rain),1.0
네이브로(NeighBro.),1.0
남아스떼(男兒's 떼),1.0
클릭비(Click-B),1.0
제이독(J-DOGG),1.0
메이랜드(Mayland),1.0
멜로 브리즈(Melo' Breeze),1.0
못(Mot),1.0
미드나잇 램프,1.0
코튼 팩토리(Cotton Factory),1.0
슈퍼주니어(Super Junior),1.0
이오공감,1.0
소호대,1.0
바스코(Vasco),1.0
소찬휘,1.0
최지훈 트리오,1.0
최재훈,1.0
조갑경,1.0
서태지,1.0
서인국,1.0
범키(Bumkey),1.0
진호,1.0
베스티(BESTie),1.0
지플라(G.Fla),1.0
봄(Bom),1.0
뷰티풀 데이즈(Beautiful Days),1.0
빈티지 블루(Vintage Blue),1.0
블랙펄(Black Pearl),1.0
주보라,1.0
클론(Clon),1.0
클린치(Clinch),1.0
애니밴드(Anyband),1.0
마호가니 킹(Mahogany King),1.0
네스티요나(Nastyona),1.0
팔드로(8Dro),1.0
파티스트릿(Party Street),1.0
아이유 ＆ 나윤권,1.0
씨엔블루(CNBLUE),1.0
다섯손가락,1.0
정은채 [배우],1.0
더 블루(The Blue),1.0
써드코스트(3rd Coast),1.0
심현보,1.0
정재형,1.0
드렁큰 타이거(Drunken Tiger),1.0
디스토리(D.Story),1.0
신문희(Moony),1.0
레비 파티(LEVIPARTY),1.0
스프링롤(Springloll),1.0
루나플라이(Lunafly),1.0
스페이스카우보이(Space Cowboy),1.0
룰라(Roo'Ra),1.0
리브가,1.0
리아(Riaa),1.0
태원(TaeOne),1.0
마야(Maya),1.0
마이노스 인 뉴올(Minos In Nuol),1.0
스무살,1.0
민해경,1.0
