Title,Artist,cnt
바람이 분다,이소라,55.0
좋은 날,아이유(IU),52.0
죽일 놈 (Guilty),다이나믹 듀오(Dynamic Duo),44.0
보고 싶다,김범수,44.0
소주 한 잔,임창정,41.0
체념,빅마마(Big Mama),40.0
미워도 다시 한번 (Original ver.),바이브(Vibe),37.0
정말 사랑했을까,브라운 아이드 소울(Brown Eyed Soul),35.0
Missing You,플라이 투 더 스카이(Fly To The Sky),34.0
너랑 나,아이유(IU),34.0
비와 당신 (영화 '라디오 스타 '삽입곡),럼블 피쉬(Rumble Fish),34.0
시작,박기영,33.0
Go Away,투애니원(2NE1),33.0
고백,박혜경,32.0
"헤어지지 못하는 여자, 떠나가지 못하는 남자 (feat. 정인)",리쌍(Leessang),31.0
너를 위해,임재범,30.0
귀로,나얼(Na-Ul),30.0
그런 사람 또 없습니다,이승철,30.0
사랑은 은하수 다방에서,10cm(십센치),29.0
가로수 그늘 아래 서면,장재인,28.0
Amelie,포터블 그루브 나인(Portable Groove 09),28.0
잔소리 (With 2AM 슬옹),아이유(IU),28.0
사랑.. 그 놈,바비 킴(Bobby Kim),28.0
자기야 여보야 사랑아,린(LYn),28.0
누구보다 널 사랑해,비쥬(Bijou),28.0
거리에서,성시경,27.0
"I Love U, Oh Thank U (feat. 김태우)",MC 몽,27.0
사랑은 언제나 목마르다,유미,27.0
사랑할수록,부활,27.0
오 나의 여신님,성시경,27.0
가슴 시린 이야기 (feat. 용준형 Of Beast),휘성,27.0
내 귀에 캔디 (feat. 택연 Of 2PM),백지영,27.0
결혼까지 생각했어,휘성,27.0
꽃송이가,버스커 버스커(Busker Busker),26.0
별처럼,태연 (Taeyeon),26.0
좋을텐데,성시경,26.0
넌 감동이었어,성시경,25.0
"Officially Missing You, Too",긱스(Geeks),25.0
세월이 가면,박보람,25.0
아름다운 것,언니네 이발관,25.0
연애 (feat. Hanyi),프리 스타일(Free Style),25.0
Heaven,에일리(Ailee),24.0
끝사랑,김범수,24.0
너에게 쓰는 편지,MC 몽,24.0
난 사랑에 빠졌죠,박지윤,24.0
안녕이라고 말하지마,다비치,24.0
여전히 아름다운지 (feat. 김연우),토이(Toy),23.0
비오는 압구정,브라운 아이즈(Brown Eyes),23.0
좋아보여 (feat. 검정치마),버벌진트(Verbal Jint),23.0
Je T'aime,해이(Hey),23.0
지나간다,김범수,23.0
자니 (feat. Dynamic Duo),프라이머리(Primary),22.0
사랑한다는 흔한 말,김연우,22.0
나비 무덤,테이크(Take),22.0
사랑과 전쟁 (Narr. 하하),다비치,22.0
다시 사랑한다 말할까,김동률,22.0
"봄날, 벚꽃 그리고 너",에피톤 프로젝트(Epitone Project),22.0
이럴거면,아이비(IVY),22.0
어땠을까 (feat. 박정현),싸이(Psy),21.0
Hello,허각,21.0
사진을 보다가,바이브(Vibe),21.0
꽃피는 봄이오면,BMK,21.0
회상 (December),터보(Turbo),21.0
우산 (feat. 윤하),에픽 하이(Epik High),21.0
멀어 (feat. Beenzino),프라이머리(Primary),21.0
One Love,엠씨 더 맥스(M.C the Max),21.0
홀로 (feat. 김나영),정키(Jung Key),21.0
바람기억,나얼(Na-Ul),21.0
미워요,정인,20.0
汝歌(여가),장연주,20.0
뻔한 멜로디 (feat. Crush),Zion.T,20.0
뜨거운 안녕 (feat. 성시경),싸이(Psy),20.0
"Love (feat. Bumkey, Paloalto)",프라이머리(Primary),20.0
그댄 행복에 살텐데,리즈(Leeds),20.0
잘가요,정재욱,20.0
...안 되나요... (부제: 화양연화),휘성,19.0
그날에 우리,어반 자카파(Urban Zakapa),19.0
붉은 달 (feat. 소히),클로버(Clover) [남성솔로],19.0
정말로 사랑한다면,버스커 버스커(Busker Busker),19.0
With Coffee...,브라운 아이즈(Brown Eyes),19.0
Boogie On & On,빈지노(Beenzino),19.0
날 닮은 너,임창정,19.0
P.S. I Love You,박정현,19.0
하늘을 달리다,이적,19.0
벌써 일년,브라운 아이즈(Brown Eyes),19.0
달아요,박정현,18.0
Trouble Maker,트러블메이커(Troublemaker),18.0
그런가봐요...,브이원 (V.One),18.0
어떤가요,화요비,18.0
모노드라마 (With 유승우),허각,18.0
원하고 원망하죠,애즈 원(As One),18.0
여수 밤바다,버스커 버스커(Busker Busker),18.0
가질 수 없는 너,뱅크(Bank),17.0
I'm In Love (Piano RMX),라디(Ra.D),17.0
Gentle Rain,클래지콰이(Clazziquai),17.0
사랑이라고 말하기엔 (feat. 연호),어반스페이스(Urbanspace),17.0
"그대와 나, 설레임 (feat. 소울맨)",어쿠스틱 콜라보(Acoustic Collabo),17.0
오늘밤은 어둠이 무서워요,10cm(십센치),17.0
Day By Day,애즈 원(As One),17.0
그XX,G-DRAGON,17.0
못된여자 (feat. 서인영),원투(Onetwo),17.0
한 남자,김종국,17.0
"수고했어, 오늘도",옥상달빛,17.0
죽을 만큼 아파서 (feat. 멜로우),MC 몽,16.0
Loving U (러빙유),씨스타(Sistar),16.0
봄의 기적,이지형,16.0
꿈에,박정현,16.0
널 생각해,원 모어 찬스(one more chance),16.0
기억의 습작,전람회,16.0
좋은 사람 Sad Story (feat. 이승환),토이(Toy),16.0
나만 몰랐던 이야기,아이유(IU),16.0
이 밤이 지나면,임재범,16.0
천년의 사랑,박완규,16.0
굿모닝 레이디,바닐라 어쿠스틱(Vanilla Acoustic),16.0
사랑의 時,엠씨 더 맥스(M.C the Max),16.0
지우개,알리(Ali),16.0
Couple Song (feat. Kelley),라디(Ra.D),16.0
Be My Baby,원더걸스(Wonder Girls),15.0
환절기,에피톤 프로젝트(Epitone Project),15.0
사랑은 창밖에 빗물 같아요,지아(Zia),15.0
With Me,휘성,15.0
Aqua Man,빈지노(Beenzino),15.0
바야흐로 사랑의 계절 (With 박새별),이한철,15.0
"바람, 어디에서 부는지",루시드 폴(Lucid Fall),15.0
Y (Please Tell Me Why),프리 스타일(Free Style),15.0
기억을 걷는 시간,넬(Nell),15.0
붉은 노을,BIGBANG,15.0
약속해 약속해 (feat. G.NA),버벌진트(Verbal Jint),15.0
우주보다 좋아해 (I Love You More Than Universe),도나웨일(Donawhale),15.0
고백,델리 스파이스(Deli Spice),15.0
Roly-Poly,티아라(T-ara),15.0
영원한 사랑,핑클(Fin.K.L),15.0
Sweet Dream,장나라,15.0
바보,t윤미래,15.0
그땐 그땐 그땐,슈프림팀(Supreme Team),15.0
Chocolate Drive,모이다 밴드(Moida Band),15.0
지붕 위의 고양이 (feat. 장윤주),정재형,14.0
Kissing You,소녀시대,14.0
앵무새,하울(HowL),14.0
나 어때,걸스데이(Girl's Day),14.0
날짜 변경선,클래지콰이(Clazziquai),14.0
아이처럼,김동률,14.0
Ma Boy (마보이),씨스타19(Sistar 19),14.0
아버지 (Live - Bonus Track),김경호,14.0
Love (With 소규모 아카시아 밴드) (유승호 슈퍼100 CF 삽입곡),요조(Yozoh),14.0
Love is coffee (맥심 광고 삽입곡),강균성 [노을],14.0
Just A Feeling,어반 자카파(Urban Zakapa),14.0
날 위한 이별,성시경,14.0
되돌리다,이승기,14.0
어제처럼,주(Joo),14.0
광화문연가,이수영,14.0
운명,쿨(COOL),14.0
Say I Love You,포맨,14.0
겁쟁이,버즈(Buzz),14.0
She's Gone,디셈버(December),14.0
이미 넌 고마운 사람,김연우,14.0
강남스타일,싸이(Psy),14.0
이뻐요,윤건,14.0
"이제 그만 화 풀어요 (With 준범, 현규, 현석)",지나(G.NA),14.0
You Mean Everything To Me,박정현,14.0
전부 너였다,노을,14.0
Wizard Of OZ,클래지콰이(Clazziquai),14.0
일기,김범수,14.0
Sunday,재주소년,14.0
Superfantastic (아시아나 항공 CF 배경음악) (Vocal By Westwind),페퍼톤스(Peppertones),14.0
있다 없으니까 (Gone Not Around Any Longer),씨스타19(Sistar 19),14.0
Think About' Chu,아소토 유니온(Asoto Union),14.0
"TV를 껐네... (feat. t윤미래, 권정열 Of 10cm)",리쌍(Leessang),14.0
고양이 왈츠 (Acoustic ver.) (SBS 월화드라마 '내게 거짓말을 해봐' 삽입),Lucia(심규선),14.0
귀향,김동률,14.0
얼음연못,두번째 달,14.0
Rain Drop,아이유(IU),14.0
그리움만 쌓이네,조규찬,14.0
Moon River,Andy Williams(앤디 윌리암스),14.0
그려줄래 (Vocal 전민),키스 미 조이(Kiss Me Joy),14.0
Morrie Note,모리(Morrie),14.0
그런 날에는,조성모,14.0
죽겠네 (Album ver.),10cm(십센치),14.0
My Story,브라운 아이드 소울(Brown Eyed Soul),14.0
My Style (Hidden Track),브라운 아이드 걸스,14.0
Never Ending Story,부활,14.0
New York New York (feat. Taoka Miki From Indigo),우쿨렐레 피크닉(Ukulele Picnic),14.0
연애소설,가비엔제이(Gavy N.J.),14.0
좋은 사람 있으면 소개시켜줘,럼블 피쉬(Rumble Fish),14.0
그대를 그리다 (KBS 드라마 성균관 스캔들 피아노 테마),윤한(Yoonhan),14.0
그대를 그리다 (Bonus Track),윤한(Yoonhan),14.0
예쁜 그대 (feat. JK & Emenes),동경소녀,14.0
오! 허니,시크릿(Secret),14.0
오늘이야 (duet with 이상),애즈 원(As One),14.0
그녀를 사랑해줘요,하동균,14.0
내 눈물이 하는 말,견우,14.0
살다가,SG워너비,14.0
사랑이라 쓰고 아픔이라 부른다,서인영,14.0
사랑합니다...,팀(Tim),14.0
사랑해,스윗소로우(SWEET SORROW),14.0
사랑해 사랑해,슈가버블(Sugar Bubble),14.0
단 한번의 사랑,린(LYn),14.0
아멜리에 (Amelie),박혜경,14.0
다시 사랑 할 수 있을까 (feat. 다비치),포맨,14.0
새벽 4시,10cm(십센치),14.0
쿨하게 헤어지는 방법 (feat. 잔디),김진표(JP),14.0
생각날거야,다비치,14.0
서랍을 비우다,보드카 레인(Vodka Rain),14.0
다 알아요,양파,14.0
니가 참 좋아,쥬얼리(Jewelry),14.0
늘 지금처럼 (Come On Baby Tonight),이예린,14.0
눈물날려 그래,박효신,14.0
눈 녹듯,패닉(Panic),14.0
카페인 (feat. 용준형 Of Beast),양요섭 [비스트],14.0
누구라도 그러하듯이,이수영,14.0
"소년, 소녀 (With 토마스쿡)",정은채 [배우],14.0
For Evans,잠바(Jamba),14.0
널 사랑하겠어 (I Choose To Love You),씨스타(Sistar),14.0
Funny Star,박정현,14.0
듣고 있어?,스윙스(Swings),14.0
Brown City,브라운 아이드 소울(Brown Eyed Soul),14.0
너에게.. 기대,메이트(Mate),14.0
매일밤,EXID(이엑스아이디),14.0
"1,2,3,4 (원,투,쓰리,포)",이하이,14.0
봄봄봄,로이킴,14.0
보조개,이적,14.0
보이나요?,루시드 폴(Lucid Fall),14.0
별별이별,구혜선,14.0
사랑 +,애즈 원(As One),14.0
헤어지자고 (Piano Nocturne),윤건,14.0
A Little Girl Dreaming,푸딩(Pudding),14.0
행복한 나를,에코(ECO),14.0
사랑에 아파본 적 있나요,린(LYn),14.0
해변의 여인,쿨(COOL),14.0
미안해서 미안해 (feat. G.NA),김진표(JP),14.0
사랑을 느낄때... (feat. Koffee),버벌진트(Verbal Jint),14.0
모두 어디로 간걸까? (feat. 이적),토이(Toy),14.0
사랑의 시작은 고백에서부터,소울크라이(SoulCry),14.0
사랑의 인사,씨야(SeeYa),14.0
Blessed,클래지콰이(Clazziquai),14.0
Blowin' My Mind,브라운 아이드 소울(Brown Eyed Soul),14.0
사랑이 다른 사랑으로 잊혀지네,하림,14.0
사랑이 올까요,박정현,14.0
편한 사람이 생겼어 (duet with 브랜뉴데이 채린),일락(一樂),14.0
송인(送人),쿨(COOL),14.0
잔혹한 여행,한희정,14.0
너뿐이라고,레인보우(Rainbow),14.0
아까워,재지팩트(Jazzyfact),14.0
초코캣,이바디(Ibadi),14.0
첫사랑,버스커 버스커(Busker Busker),14.0
내게 오는 길,성시경,14.0
"Hawaian Couple (영화 '내 사랑' 주제곡, 에뛰드 복숭아송 원곡)",허밍 어반 스테레오(Humming Urban Stereo),14.0
청혼,노을,14.0
내일을 묻는다 (Album Edit),제이레빗(J Rabbit),14.0
슬픈 다짐 (Original),다비치,14.0
Hello!,포맨,14.0
Goodbye,카밀라(Camilla),14.0
오래된 노래,김동률,13.0
듣는편지,40(포티),13.0
거기서거기 (Without You),다이나믹 듀오(Dynamic Duo),13.0
그냥 걸었어,임종환,13.0
동감,나윤권,13.0
실화,린(LYn),13.0
Choop Choop,Davink(다빈크),13.0
하루 (M/V ver.),김범수,13.0
너 때문에 미쳐,티아라(T-ara),13.0
낙원 (feat. 이재훈),싸이(Psy),13.0
어제처럼,제이(J.ae),13.0
사랑을 사랑한다 (feat. 박찬재),박선주,13.0
Sexy Love,티아라(T-ara),13.0
차라의 숲,러브홀릭(Loveholic),13.0
난 좋아,성시경,13.0
이별 못한 이별 (내 이름은 김삼순),러브홀릭(Loveholic),13.0
사랑에 빠지고 싶다,김조한,13.0
챔피언,싸이(Psy),13.0
가끔 미치도록 네가 안고 싶어질 때가 있어,가을방학,13.0
바래진 기억에,박지윤,13.0
사랑 그 몹쓸 병,휘성,13.0
첫눈에,윤하(Younha/ユンナ),13.0
Until You Come Back To Me,Kentaro Takizawa(켄타로 타키자와),13.0
Until The Last Moment,사피에르(Saphier),13.0
비가 오는 날엔,비스트(Beast),13.0
봄 눈,박지윤,13.0
Corea Fantasy (애국가),레비 파티(LEVIPARTY),13.0
Insomnia (불면증),휘성,13.0
Love Is Feeling (duet with 혜령),테이(Tei),13.0
너에게 약속하는 7가지,테이(Tei),13.0
출첵 (feat. 나얼 Of Browneyed Soul),다이나믹 듀오(Dynamic Duo),13.0
눈물 (feat. 유진 Of 더 씨야),리쌍(Leessang),13.0
Lovers,정준일 [메이트],13.0
꿈에선 놀아줘,루싸이트 토끼,13.0
Feel So Good,아이유(IU),13.0
Happy Beanth Day,젠틀 레인(Gentle Rain),13.0
My My,에이핑크(Apink),13.0
Fiona,한충완,13.0
기적 (duet with 이소은),김동률,13.0
One Fine Day,모리(Morrie),13.0
365일,알리(Ali),12.0
2시 20분 (카누 CF 삽입곡),박경환,12.0
Winter Memory (feat. Annie),하우스 룰즈(House Rulez),12.0
안녕 나야,포맨,12.0
나였으면,나윤권,12.0
Hate You,투애니원(2NE1),12.0
겨울 이야기,조관우,12.0
이태원 프리덤 (With JYP),유브이(UV),12.0
나처럼 (Song By 신승훈),김형석,12.0
Yesterday,웅산,12.0
비행기,거북이,12.0
내가 남자 친구라면,토이(Toy),12.0
점점,브라운 아이즈(Brown Eyes),12.0
솜사탕,네미시스(Nemesis),12.0
소중한 너 (feat. As one),조규찬,12.0
미아,아이유(IU),12.0
사랑은 (feat. Big Mama 이지영),휘성,12.0
에구구구,요조(Yozoh),12.0
Must Have Love (우리들의 겨울),SG워너비,12.0
한번만 더,나얼(Na-Ul),12.0
말 좀 해줘 (feat. Soulman),슈프림팀(Supreme Team),12.0
남과 여 (feat. 김범수),박선주,12.0
비밀계단,커먼 그라운드(Common Ground),12.0
아메리카노에게,커피소년,12.0
애인이 돼 주길 바래요,FTISLAND(에프티 아일랜드),12.0
TTL (Time To Love),티아라(T-ara),12.0
사랑했나봐,윤도현,12.0
사랑해 사랑해,2AM,12.0
I'm In Love,나르샤 [브라운아이드걸스],12.0
I Decide,헤리티지(Heritage),12.0
그대만 있다면 (어느 멋진 날),러브홀릭(Loveholic),12.0
Oh!,소녀시대,12.0
Poison,엄정화,12.0
어쩌다가,란(Ran),12.0
Flashback,애프터 스쿨(After School) ,12.0
티켓 (Ticket),나인뮤지스(Nine Muses),12.0
잊었니,에이치(H),12.0
Can't Nobody,투애니원(2NE1),12.0
별이 빛나는 밤에,바이브(Vibe),12.0
잘해줘봐야,걸스데이(Girl's Day),12.0
공원에서,유희열,12.0
"너에게 난, 나에게 넌",자전거 탄 풍경,12.0
너만이,바비 킴(Bobby Kim),12.0
Nothing Without You,10cm(십센치),12.0
일기,몽니(Monni),11.0
비오는 거리,서영은,11.0
The Lady (feat. Bumkey(범키) & Dok2(도끼)),투엘슨(2LSON),11.0
낡은 배낭을 메고,노리플라이(no reply),11.0
내 마음에 비친 내 모습,유재하,11.0
스치듯 안녕,이수영,11.0
있기 없기,달샤벳(Dal★shabet),11.0
그래도 우리의 날들,20세기 소년,11.0
가수가 된 이유,신용재 [4men],11.0
공원여행 (Vocal By 현민),페퍼톤스(Peppertones),11.0
새로고침 (feat. 서인국),린(LYn),11.0
나 돌아가,임정희,11.0
옛 친구에게,박효신,11.0
그대가 이 세상에 있는것 만으로...,포지션(Position),11.0
그대 내 맘에 들어오면은,성시경,11.0
오늘 (Song By 심규선),에피톤 프로젝트(Epitone Project),11.0
너만 사랑해,슈가버블(Sugar Bubble),11.0
나른한 오후에 취해,러브앤팝(Love & Pop),11.0
두근두근 (feat. 박정현),김진표(JP),11.0
냄새나는 여자,10cm(십센치),11.0
니가 필요해 (I Need You),케이윌(K.Will),11.0
사랑한다는 말,김동률,11.0
라라라,SG워너비,11.0
고백,뜨거운 감자(Hot Potato),11.0
사랑아 (Bonus Track),더 원(The One),11.0
뉴스 (News),나인뮤지스(Nine Muses),11.0
우리 사랑하게 됐어요,가인 [브라운아이드걸스],11.0
내게 오는 길 (Bonus Track),성시경,11.0
나비섬,짙은(Zitten),11.0
눈물샤워 (feat .에일리),배치기,11.0
싸구려 커피,장기하와 얼굴들,11.0
슬픈 혼잣말,임창정,11.0
슬픔활용법,김범수,11.0
같이 걸을까,이적,11.0
감기,이기찬,11.0
가을이 아프다,에코 브릿지(Eco bridge),11.0
"씨스루 (feat. Zion.T, 개코 Of 다이나믹듀오)",프라이머리(Primary),11.0
소망,바이브(Vibe),11.0
봄이 와 (feat. 롤러코스터),김현철,11.0
봄이 왔네 (feat. 캡틴락 '크라잉넛'),유발이의 소풍,11.0
Something About You,Martin Solveig(마틴 솔베이그),11.0
한사람을 위한 마음,럼블 피쉬(Rumble Fish),11.0
잠시만 안녕 (Original),엠씨 더 맥스(M.C the Max),11.0
Nike Shoes (feat. Dynamic Duo),빈지노(Beenzino),11.0
Good Morning,클럼지(Clumsy),11.0
Open Arms (feat. 크리스티나) (Journey),울랄라세션(Ulala Session),11.0
Over (feat. 가요코) (Korea ver.),에디(Eddie),11.0
Somethin',어바노(Urbano),11.0
Someday,아이비(IVY),11.0
전활 받지 않는 너에게,2AM,11.0
"좋겠다 (feat. 오지은, 정준일, Peppertones) (Bonus Track)",스윗소로우(SWEET SORROW),11.0
칵테일 사랑,마로니에(Maronnier),11.0
Perhaps Love (With 제이),하울(HowL),11.0
커피 타는 방법,소규모 아카시아 밴드,11.0
Reverse Floor,인스턴트 로맨틱 플로어(Instant Romantic Floor),11.0
Shocking Pink Rose,W(Where The Story Ends),11.0
Coffee,멜로우이어(Mellowyear),11.0
커피주세요,에이프릴(April),11.0
I Need You,허각,11.0
쟈크와 래미 이야기,쟈크와 래미(Zac & Lemi),11.0
죽도록 사랑해 (feat. 박정현),MC 몽,11.0
흐린 기억속의 그대 (Club Remix),현진영,11.0
중독된 사랑,조장혁,11.0
Like this,원더걸스(Wonder Girls),11.0
Can't Stop Thinking About You,야광토끼(Neon Bunny),10.0
당부,루그(Lug),10.0
안아줘,정준일 [메이트],10.0
못해 (feat. 美),포맨,10.0
러브 레시피,거미,10.0
긴 하루,이승철,10.0
듣고 있나요,이승철,10.0
김성호의 회상,김성호,10.0
눈 오던 날,재주소년,10.0
가장 보통의 존재,언니네 이발관,10.0
FANTASTIC BABY,BIGBANG,10.0
Something Good,자우림(Jaurim),10.0
미아(迷兒),박정현,10.0
눈물 나는 날에는,SG워너비,10.0
10점 만점에 10점,2PM,10.0
"봄, 여름 그 사이",박지윤,10.0
사랑하기 때문에,유재하,10.0
부탁해요,왁스(Wax),10.0
Close Up The World,페퍼톤스(Peppertones),10.0
서쪽 하늘,울랄라세션(Ulala Session),10.0
먼지가 되어,김광석,10.0
약속,윤하(Younha/ユンナ),10.0
약속,김범수,10.0
Dressing Room (Acoustic) (Re: ver.),Glen Check(글렌체크),10.0
Butterfly,소규모 아카시아 밴드,10.0
Coffee Is... (드라마 '커피프린스 1호점' 삽입곡),클라우드 쿠쿠랜드(Cloud Cuckoo Land),10.0
편지,랄라스윗(lalasweet),10.0
Babay (feat. Gaeko),Zion.T,10.0
크리스마스니까,성시경,10.0
순간,코쿤벨즈(Cocoon Bells),10.0
난 괜찮아 (I Will Survive),진주,10.0
기다리다 (Acoustic ver.),윤하(Younha/ユンナ),10.0
처음처럼,성시경,10.0
Love Love Love,에픽 하이(Epik High),10.0
아마추어,이승철,10.0
Tears,소찬휘,10.0
"입장정리 (feat. 최자 Of 다이나믹듀오, Simon D Of 슈프림팀)",프라이머리(Primary),10.0
우린 제법 잘 어울려요,성시경,10.0
바보,박효신,10.0
사랑 참 어렵다,이승철,10.0
"씨스루 (feat. 개코, Zion.T)",프라이머리(Primary),10.0
"사랑, 결코 시들지 않는...",서문탁,10.0
바람만바람만,김종국,10.0
Wishes Come True,메이크어위시 합창단,10.0
뱅(Bang)!,애프터 스쿨(After School) ,10.0
더딘 사랑,은휼,10.0
겨울잠,김동률,10.0
잠이솔솔,제이레빗(J Rabbit),10.0
조깅,재주소년,10.0
I Do,더 원(The One),10.0
토요일밤에,손담비,10.0
살다가 한번쯤,포맨,10.0
너를 생각하는 아침,문용(Moonyong),10.0
그대와 둘이,브라운 아이드 소울(Brown Eyed Soul),10.0
좋은사람,박효신,10.0
너에게 쓰는 편지 Part2 (feat. 메이비),MC 몽,10.0
별 짓 다해봤는데,알리(Ali),10.0
단꿈,베란다 프로젝트(Verandah Project),9.0
Coffeetalgia (duet with 성시경),해이(Hey),9.0
왜 모르니,별,9.0
사랑해 그리고 기억해,지오디(god),9.0
두 잔의 커피가 미치는 영향,좋아서 하는 밴드,9.0
Coffee (feat. 성아),에픽 하이(Epik High),9.0
독 (feat. E-Sens Of 슈프림팀),프라이머리(Primary),9.0
토요일 오후에,라즈베리필드,9.0
고백하는 날 (Full ver.) (feat. Jake Shapiro Of Two Ton Shoe) ('스친소' 배경음악),노리플라이(no reply),9.0
살랑살랑,조원선,9.0
I Feel So Nice,포맨,9.0
나를 안아 ('05 Home Recording),디어 클라우드(Dear Cloud),9.0
어떻게 사랑이 그래요,이승환,9.0
안녕 사랑아,박효신,9.0
Let Me Be The One,어반 자카파(Urban Zakapa),9.0
처음 만든 사랑 노래,시와(Siwa),9.0
금요일의 Blues,클래지콰이(Clazziquai),9.0
Morning Coffee,리나(Lina),9.0
첫 이별 그날 밤,아이유(IU),9.0
그런 사람이기를,브라운 아이드 소울(Brown Eyed Soul),9.0
내꺼중에 최고,이현 [에이트],9.0
염장송 (With 정민경),한민규,9.0
다 줄거야,이승기,9.0
수취인불명,프리 스타일(Free Style),9.0
소년,JUNIEL(주니엘),9.0
좋아해,요조(Yozoh),9.0
그대 걷던 길,노리플라이(no reply),9.0
선인장 (Acoustic ver.),에피톤 프로젝트(Epitone Project),9.0
커피는 싫어요 (Bonus Track),아침(Achime),9.0
Please (New ver.),이기찬,9.0
니까짓게,씨스타(Sistar),9.0
커피한잔의 여유,나윤권,9.0
샤이닝,자우림(Jaurim),9.0
사랑합니다,이재훈 ,9.0
Love Latte (duet with 유진),김진우,9.0
이방인(異邦人),전람회,9.0
거짓말,버즈(Buzz),9.0
Sweet,마이 앤트 메리(My Aunt Mary),9.0
빨간우산,김건모,9.0
하지 못한 말,노을,9.0
이 세상 그 누구보다,그루(GRU),9.0
"With U (feat. 범키, 소울다이브)",소울라임(SouLime),9.0
유자차,브로콜리너마저,9.0
장가갈 수 있을까 (feat. 내리),커피소년,9.0
"사람들은 모두 변하나봐 (피쳐링. 정인, 쌈디 of 슈프림팀, 바비킴 of 부가킹즈)",리쌍(Leessang),9.0
마법의 성,더 클래식(The Classic),9.0
마법의 성,MC 스나이퍼(MC Sniper),9.0
러브 레시피,클래지콰이(Clazziquai),9.0
미리 메리 크리스마스 (feat. 천둥 Of MBLAQ),아이유(IU),9.0
붙잡고도,노을,9.0
라라라,이수영,9.0
보통날,지오디(god),9.0
이별만은 아름답도록 (Woman),페이지(Page),9.0
푸른봄 靑春 (feat. 나희경),주윤하 [보드카레인],9.0
결혼해 줄래 (feat. Bizniz),이승기,9.0
딸에게 보내는 노래 (inst.),한충완,9.0
따뜻했던 커피조차도,이지형,9.0
들었다 놨다 (Love Actually),써니힐(Sunny Hill),9.0
종이비행기,델리 스파이스(Deli Spice),9.0
사랑비,김태우,9.0
하루 끝,아이유(IU),9.0
행운을 빌어요,페퍼톤스(Peppertones),9.0
Aloha,슬로우 쥰(Slow 6),9.0
잠시 길을 잃다,공일오비(015B),8.0
여우야(女雨夜),더 클래식(The Classic),8.0
사랑할 수 있을때 (feat. 정인 Of G-Fla),바비 킴(Bobby Kim),8.0
I Love You,포지션(Position),8.0
첫째 날 (With 나얼),에코 브릿지(Eco bridge),8.0
I Like Watching You Go (Bonus Track),검정치마,8.0
바나나 파티 (With 소규모 아카시아 밴드),요조(Yozoh),8.0
주섬주섬 (Piano),정재일,8.0
그땐 미처 알지 못했지,이적,8.0
연인,김연우,8.0
초콜릿,케이윌(K.Will),8.0
믿어지지 않는 얘기,조규찬,8.0
YOU AND I,박봄,8.0
어쩌죠,우이경,8.0
잠 못 드는 밤에,문명진,8.0
If I Die Tomorrow,빈지노(Beenzino),8.0
Love Solstice,써드코스트(3rd Coast),8.0
약속,임병수,8.0
Love Is,타블로+페니(이터널 모닝),8.0
애원,버블 시스터즈(Bubble Sisters),8.0
나란 놈은 답은 너다 (feat. 하림),리쌍(Leessang),8.0
흔적,몽니(Monni),8.0
회상,테이(Tei),8.0
자가회복,Kricc(크릭),8.0
나의 옛날이야기,조덕배,8.0
빗속의 여인,김건모,8.0
Melancholy Train,에스트래직 비츠(Estraziq Beats) ,8.0
Memories... (Smiling Tears),t윤미래,8.0
방 안에서,로로스(Loro's),8.0
날개,언타이틀(Untitle),8.0
총맞은 것처럼,백지영,8.0
Unspoken Love,Kricc(크릭),8.0
잘못된 만남,김건모,8.0
Memory,김범수,8.0
Missing You (feat. 김윤아 Of 자우림),G-DRAGON,8.0
Officially Missing You,긱스(Geeks),8.0
Tango Toy,캐스커(Casker),8.0
가장 듣고 싶은 말,이아립,8.0
그대가 있어 웃는다,나윤권,8.0
Smile Boy,이승기,8.0
감사 (Bonus Track),김동률,8.0
왜,메이트(Mate),8.0
Endless,플라워(Flower),8.0
"마음, 얼음처럼 단단하게 (feat. 조원선)",손성제,8.0
커피를 마시고 (Main ver.),어반 자카파(Urban Zakapa),8.0
키작은 하늘,장혜진,8.0
슬퍼지려 하기 전에,쿨(COOL),8.0
Promise U,바이브(Vibe),8.0
마지막 인사,BIGBANG,8.0
Sentyabr Dozhdi (September Rain),Alexander Dolsky,8.0
만년설,서영은,8.0
거짓말,BIGBANG,8.0
사랑인가요,박새별,8.0
다 줄꺼야 (Acustic ver.),조규만,8.0
사랑인걸,모세(Mose),8.0
Second First Date (feat. Ritha K) (Bonus Track From Jazz Set),디제이 아키(DJ AKI),8.0
그대가 좋아 (feat. 크리스피 크런치),동경소녀,8.0
미스터,카라(Kara),8.0
사랑은 봄비처럼... 이별은 겨울비처럼,임현정,8.0
인생은 알 수가 없어 (핫초코),좋아서 하는 밴드,8.0
우리 비 그치면 산책할까?,스웨터(Sweater),8.0
Paris Paris! (문근영의 KTF TV CF '선물'편 배경음악),몽라(Monla/夢兒),8.0
Fragile Days,캐스커(Casker),8.0
Aurora ~ 새벽의 빛,데이브레이크(daybreak),8.0
편지,김광진,8.0
빛,루시드 폴(Lucid Fall),7.0
부탁 (Acoustic),비스윗(Besweet),7.0
봄봄봄,루싸이트 토끼,7.0
사랑해 (Piano ver.),김우주,7.0
사랑한다는 말로도 위로가 되지 않는,브로콜리너마저,7.0
나만 바라봐,태양,7.0
대화가 필요해,바닐라 어쿠스틱(Vanilla Acoustic),7.0
담요송 (Song Blanket),라이너스의 담요(Linus' Blanket),7.0
봄,하유진 ,7.0
똑같은 사랑 똑같은 이별,어반 자카파(Urban Zakapa),7.0
똑같다면,브라운 아이드 소울(Brown Eyed Soul),7.0
복숭아,아이유(IU),7.0
흐릿해져,노리플라이(no reply),7.0
Can't Stop Loving You,브라운 아이드 소울(Brown Eyed Soul),7.0
아시나요,조성모,7.0
생각이 나,부활,7.0
말꼬리 (feat. 정준일 - Mate),윤종신,7.0
슬픔보다 더 슬픈 이야기,김범수,7.0
행복을 찾아서 (피쳐링. 조현아 of 어반자카파),리쌍(Leessang),7.0
미안해요 (feat. T.O.P),거미,7.0
너를 사랑해,한동준,7.0
너는 나의 봄이다 (Bonus Track),성시경,7.0
너는 나에게,피터팬 컴플렉스(Peterpan Complex),7.0
취중진담(醉中眞談),전람회,7.0
친해지고 싶어서,스티(STi),7.0
시계,브라운 아이드 소울(Brown Eyed Soul),7.0
사랑은...향기를 남기고,테이(Tei),7.0
사랑을 시작해도 되겠습니까,모던쥬스(Modern Juice),7.0
모든 토요일,캐스커(Casker),7.0
하루하루,BIGBANG,7.0
8282,다비치,7.0
Boo,아이유(IU),7.0
뿌요뿌요,유피(UP),7.0
머물러줘,재주소년,7.0
남자답게,플라이 투 더 스카이(Fly To The Sky),7.0
Just Say Good bye,스푸키 프로젝트(Spooky Project),7.0
해요,정인호,7.0
내 삶의 반,한경일,7.0
요즘 너 말야 (Album Edit),제이레빗(J Rabbit),7.0
Step,장재인,7.0
좋아요~,불독맨션(Bulldogmansion),7.0
My Love (신 귀공자 OST),박효신,7.0
Someone Is You,애프터 스쿨(After School) ,7.0
굿바이 (With 소유 Of 씨스타),홍대광,7.0
So Cool (쏘쿨),씨스타(Sistar),7.0
국경의 밤 (feat. 김정범),루시드 폴(Lucid Fall),7.0
Marry Me,이현우,7.0
River,어반 자카파(Urban Zakapa),7.0
이명 (inst.),캐스커(Casker),7.0
곰인형 (feat. 해금),린(LYn),7.0
Moon Over Bourbon Street ,윈터플레이(Winterplay),7.0
어쩌면...,버즈(Buzz),7.0
고백 (Produced By Vibe 윤민수),포맨,7.0
Romantico,투개월,7.0
Scent Of Rain,써드코스트(3rd Coast),7.0
고맙습니다,녹색지대,7.0
고래,짙은(Zitten),7.0
You,김상민(Kim SangMin),7.0
우리는 사랑이었을까,네미시스(Nemesis),7.0
그대만이 (MBC '우리 결혼했어요' 알렉스 & 신애 테마곡),김종욱,7.0
자꾸만,이기찬,7.0
좋은하루 (feat. Elena),러브피쉬 프로젝트(LoveFish_Project),7.0
그대를 사랑하는 10가지 이유,이석훈 [SG워너비],7.0
Sweety,클래지콰이(Clazziquai),7.0
잘가요 내사랑,에이트(8Eight),7.0
어느 파도,클로버(Clover) [남성솔로],7.0
눈물이 안났어,임정희,6.0
너의 뒤에서,성시경,6.0
Remember Me,이효리,6.0
솔직하게,토마스 쿡(Thomas Cook),6.0
Go,브라운 아이드 소울(Brown Eyed Soul),6.0
춥다 (feat. 이하이),에픽 하이(Epik High),6.0
충분히 예뻐 (feat. 산체스 Of 팬텀),버벌진트(Verbal Jint),6.0
당신과의 키스를 세어보아요,화요비,6.0
닿을 수 있다면 (Bonus Track),더 콰이엇(The Quiett),6.0
숱한 밤들,술탄 오브 더 디스코(Sultan Of The Disco),6.0
고등어,루시드 폴(Lucid Fall),6.0
사랑해도 될까요?,유리상자,6.0
그대는 눈물겹다,엠씨 더 맥스(M.C the Max),6.0
사랑해요,이소은,6.0
사랑하오 (duet with 김현철),윤상,6.0
늦은 후회,보보(Bobo),6.0
니가 싫어,어반 자카파(Urban Zakapa),6.0
눈물뿐인 바보,BIGBANG,6.0
오늘 (Vocal 차세정),에피톤 프로젝트(Epitone Project),6.0
R.E.A.L,원더걸스(Wonder Girls),6.0
그게 아니고,10cm(십센치),6.0
크레용 (Crayon),G-DRAGON,6.0
눈물이 나... (Solo ver.),소냐(Sonya),6.0
귤,재주소년,6.0
그대 내게 다시,럼블 피쉬(Rumble Fish),6.0
다행이다,이적,6.0
침묵,김민규 [스위트피],6.0
Real Love (feat. 샛별),크루셜스타(Crucial Star),6.0
오직 너뿐인 나를...,이승철,6.0
Crush On You (feat. Swings),크러쉬(Crush),6.0
마음으로 하는 말 (feat. Hanyi),프리 스타일(Free Style),6.0
Rose Day,포터블 그루브 나인(Portable Groove 09),6.0
You're My Baby,바닐라 어쿠스틱(Vanilla Acoustic),6.0
Antifreeze,검정치마,6.0
Wordkill,에픽 하이(Epik High),6.0
바람,엄브렐라 스탠드(Umbrella Stand),6.0
All The Things You Are,지브라(Zebra),6.0
After Love,클래지콰이(Clazziquai),6.0
사랑... 그게 뭔데,양파,6.0
Adios Nonino (아디오스 노니노 / 안녕 아버지),오리엔탱고(Orientango),6.0
Abracadabra,브라운 아이드 걸스,6.0
바보 (feat. Bumkey),에픽 하이(Epik High),6.0
4월 16일,박지윤,6.0
Undo,캐스커(Casker),6.0
"별, 바람, 햇살 그리고 사랑",김종국,6.0
1월부터 6월까지 (feat. 윤종신),공일오비(015B),6.0
1994년 어느 늦은 밤,장혜진,6.0
훗 (Hoot),소녀시대,6.0
Tonight,BIGBANG,6.0
That's Nothing,커피소년,6.0
That's All,허소영,6.0
힘 내! (Way To Go),소녀시대,6.0
해열제 (Song By Sammi),에피톤 프로젝트(Epitone Project),6.0
전화받어,미나,6.0
겨울의 끝,수상한 커튼,6.0
해바라기도 가끔 목이 아프죠,엠씨 더 맥스(M.C the Max),6.0
겨울은 가고,롤러코스터(Rollercoaster),6.0
"겨울, 밤",이지형,6.0
슬픈선물,홍경민,6.0
마지막 춤은 나와 함께,재주소년,6.0
제자리 걸음,김종국,6.0
이게 사랑이 아니면 (feat. 에일리),버벌진트(Verbal Jint),6.0
말을 해줘,휘성,6.0
맡겨,인피니트(Infinite),6.0
Separation Anxiety,넬(Nell),6.0
Shining The Morning,장세용,6.0
점핑 (Jumping),카라(Kara),6.0
이별택시,김연우,6.0
가족,홍대광,6.0
모르죠,지오디(god),6.0
Bad Girl Good Girl,미쓰 에이(miss A),6.0
Back To The Real Life,윤상,6.0
이제서야,김동률,6.0
이제야 알겠어,아키버드(Aquibird),6.0
미안해,노리플라이(no reply),6.0
너무 아픈 사랑은 사랑이 아니었음을,김광석,6.0
좋다,데이브레이크(daybreak),6.0
내가 제일 잘 나가,투애니원(2NE1),6.0
애인... 있어요,이은미,6.0
진혼,야다(Yada),6.0
My Soul,써드코스트(3rd Coast),6.0
Lisa,그로칼랭(Gros-Calin),6.0
나혼자 (Alone),씨스타(Sistar),6.0
시계 태엽,임정희,6.0
애상,10cm(십센치),6.0
Nothing Better (서울무림전 OST ver.),정엽,6.0
Lost,박효신,6.0
착한 거짓말,이승기,6.0
연못 속의 호수 그리는 물고기,조규찬,6.0
처음처럼 그때처럼 (feat. 강민경 From Davichi),이승기,6.0
신촌을 못가,포스트맨(Postmen),6.0
금지된 사랑,김경호,6.0
나의 사랑 나의 신부,유엔(UN),6.0
초대,엄정화,6.0
여우비,쿨(COOL),6.0
꿈에,조덕배,6.0
그대와 춤을,이소라,6.0
죽고 싶단 말 밖에 (Drama ver.) (Narr. 강소라),허각,6.0
"Love Is Coffee (feat. 이지혜, 진웅)",하루(Haroo),6.0
너를 업던 기억,김창완 밴드(Kim Chang Wan Band),6.0
나 같은 여자,화요비,6.0
천국의 아침 (feat. 이상순),손성제,6.0
Cafe,BIGBANG,5.0
정류장,버스커 버스커(Busker Busker),5.0
아홉가지 기분,네스티요나(Nastyona),5.0
Mr. Flower,조성모,5.0
Mad (feat. 언터쳐블),바다,5.0
아름다운 날들,장혜진,5.0
사랑의 향기는 설레임을 타고 온다,임현정,5.0
아름다운 이별,김건모,5.0
기분이 좋아,러브홀릭(Loveholic),5.0
매듭,이적,5.0
이러지마 제발 (Please Don't...),케이윌(K.Will),5.0
아이돌 하기 싫어,빅스(VIXX),5.0
키키,장나라,5.0
편지,김우주,5.0
Cafe' Fermata,이지형,5.0
사랑하지 않으니까요,김동률,5.0
Hello,코코넛(Coconut),5.0
로미오 & 줄리엣,슈프림팀(Supreme Team),5.0
STEP,카라(Kara),5.0
Byebyebye,정기고(Junggigo),5.0
Saturday Night,정엽,5.0
He's My Baby,에이핑크(Apink),5.0
미련,김건모,5.0
비상,임재범,5.0
백야,짙은(Zitten),5.0
4년전 5월 그때의 우리,강아솔,5.0
Train,베란다 프로젝트(Verandah Project),5.0
혼자만의 사랑,김태영,5.0
별이 빛나는 밤,다비치,5.0
애인발견!!!,자우림(Jaurim),5.0
Touch,미쓰 에이(miss A),5.0
빨간우산,럼블 피쉬(Rumble Fish),5.0
후회한다,포맨,5.0
보통여자,린(LYn),5.0
Sweet Night,스타리-아이드(Starry-Eyed),5.0
Love Shine,검정치마,5.0
봄눈,루시드 폴(Lucid Fall),5.0
봄이준 선물,스윙체어(Swingchair),5.0
있잖아 (Rock ver.),아이유(IU),5.0
양치기 소년,쿨(COOL),5.0
나와 같은 너,벨 에포크(Belle Epoque),5.0
바람에 쓰는 편지,줄라이(July) [뉴에이지],5.0
Baby Baby,포맨,5.0
이젠 그랬으면 좋겠네 (조용필),박정현,5.0
좋아 좋아,일기예보,5.0
안아줘요,10cm(십센치),5.0
사랑에 빠진 날 (Fall In Love),로맨틱 펀치(Romantic Punch),5.0
바다 (feat. 도승은),빅뱅(방승철) [Solo],5.0
애수,클래지콰이(Clazziquai),5.0
나도 여자랍니다,장나라,5.0
After,얀(Yarn),5.0
Where Are You,김현철,5.0
What Is Right,BIGBANG,5.0
일요일 맑음,러브홀릭(Loveholic),5.0
Love Blossom (러브블러썸),케이윌(K.Will),5.0
바보 (feat. 융진 Of Casker),에코 브릿지(Eco bridge),5.0
小女趣向(소녀취향),홍갑,5.0
야상곡,이상은(Lee Tzsche),5.0
시간이 흐른 뒤 (As Time Goes By),t윤미래,5.0
너를 사랑해,S.E.S.,5.0
Everyday,윤건,5.0
다시 와주라,바이브(Vibe),5.0
Pasta Blues,부티끄 나인(Boutique 9),5.0
오늘의 운세,김형중,5.0
닐리리맘보,블락비(Block B),5.0
서른 한번째 봄,에코 브릿지(Eco bridge),5.0
널 사랑해,전영진,5.0
널 사랑해,란(Ran),5.0
오래전 그 멜로디 (feat. 오지은),노리플라이(no reply),5.0
그대도 나도,그루브 올스타즈(Groove All Stars),5.0
Give Me Your Love,김조한,5.0
Darling (feat. JC a.k.a 지은),슈프림팀(Supreme Team),5.0
너의 리듬,이랑,5.0
취미는 사랑 (Album ver.),가을방학,5.0
출국(出國),하림,5.0
새로와,옥상달빛,5.0
죽고 싶단 말 밖에,허각,5.0
Come To Me - Mellotron Remix,클래지콰이(Clazziquai),5.0
"Good Night (feat. Junggigo, Elly)",피노다인(Pinodyne),4.0
그대네요,성시경,4.0
해피엔드 (Vocal By 유희열),토이(Toy),4.0
진심 (feat. 임세준),정키(Jung Key),4.0
소녀 어른이 되다,소규모 아카시아 밴드,4.0
나무,보아(BoA),4.0
Amelie,유리상자,4.0
사랑느낌 (With 유원형),일기예보,4.0
"잘가, 봄",시와(Siwa),4.0
Lovey-Dovey,티아라(T-ara),4.0
Suddenly,제이워크(J-Walk),4.0
너라는 명작,휘성,4.0
소나기 (주르르루),버스커 버스커(Busker Busker),4.0
Special Girl (feat. Bumkey),인피니트 H,4.0
길 위에서 (드라마 '가족끼리 왜 이래' 삽입 곡),최백호,4.0
카페남,초콜렛 박스(Chocolate Box),4.0
Luv Luv (feat. 소울트로닉),한지혜 ,4.0
Feed Somebody's Soul,Kricc(크릭),4.0
좋은 사람 (feat. 김형중),토이(Toy),4.0
커플 (feat. 황정음),김용준 [SG 워너비],4.0
100년 동안의 진심,언니네 이발관,4.0
Tell Me Tell Me,레인보우(Rainbow),4.0
Piano Nocturn - 어쩌다...,윤건,4.0
나와 둘이,야광토끼(Neon Bunny),4.0
이상해,이적,4.0
이상하다 (Acoustic ver.),박효신,4.0
Piccadilly Circus (Vocal ver.),프렐류드(Prelude),4.0
Happy Saturday,트랜스픽션(Trans Fixion),4.0
Lie,화요비,4.0
불꽃 (feat. 개리),장혜진,4.0
친구라도 될 걸 그랬어,거미,4.0
총 맞은 것처럼,백지영,4.0
Sweet Love,어쿠스틱 콜라보(Acoustic Collabo),4.0
Tomorrow (feat. 태양),타블로(Tablo),4.0
비 내리던 날,이영훈 [인디],4.0
그대와 함께,더 블루(The Blue),4.0
지루한 일요일 (inst.),언니네 이발관,4.0
1월,이수영,4.0
Hopelandic (Acoustic ver.),코쿤벨즈(Cocoon Bells),4.0
순정만화,스윙체어(Swingchair),4.0
21st Century Magic (Vocals By WestWind),페퍼톤스(Peppertones),4.0
24시간 사랑을 노래해 (feat. Song Cry Girlz),타우(Taw),4.0
Only U (feat. 동해 Of 슈퍼주니어),애즈 원(As One),4.0
술이야,바이브(Vibe),4.0
현실에 2% 부족한 연인들에게 (feat. AG),키네틱플로우(K-Flow),4.0
빈 방,4-49(포포리나인),4.0
버스 안에서,자자(Zaza),4.0
버리러 가는 길 (feat. 소이 Of 라즈베리필드),투엘슨(2LSON),4.0
나는 달 (Vocal By 이규호),토이(Toy),4.0
잊을께,YB,4.0
불어오라 바람아,롤러코스터(Rollercoaster),4.0
예뻐요,스윗소로우(SWEET SORROW),4.0
Sweet Day,바람에 오르다,4.0
시간,미선이,4.0
Because Of You,거미,4.0
지난 봄 어느 날,하림,4.0
Sunshine Love (feat. 디아),아미(A-Mi),4.0
OHEYO,박소유,4.0
발가락,김건모,4.0
일요일 오후 (feat. 정인),정재형,4.0
나를 사랑했던 사람아,허각,4.0
사랑 빛,씨엔블루(CNBLUE),4.0
집에 가지마,G-DRAGON,4.0
심플하게 (Acustic ver.),심현보,4.0
아픈 만큼 자라요 (Solo 인호진),스윗소로우(SWEET SORROW),4.0
마냥 걷는다,장기하와 얼굴들,4.0
그랬나봐,김형중,4.0
아이 (Love),에프엑스(f(x)),4.0
그건 말야,김동률,4.0
Rain,이적,4.0
조그만 상자,하늘달리기,4.0
It's All Right,리치(Rich),4.0
샤랄라 숑,메이비(MayBee),4.0
우리의 밤은 당신의 낮보다 아름답다,플럭서스 보이시스,4.0
그 끝엔 너 (feat. 윤상),토이(Toy),4.0
If You Love Me (Acoustic ver.),제이레빗(J Rabbit),4.0
다시 만날때까지,비쥬(Bijou),4.0
IDOL,자우림(Jaurim),4.0
Romeo N Juliet,클래지콰이(Clazziquai),4.0
고백,라이너스의 담요(Linus' Blanket),4.0
Romantic Kiss,코지카페(Cozy Cafe),4.0
고백,지아(Zia),4.0
고백,하이투힘(Hi to him),4.0
내 사람,SG워너비,4.0
청소,더 레이(The Ray),4.0
고백하기 좋은 날,윤하(Younha/ユンナ),4.0
"고속도로 로망스 (feat. 박효신, 윤도현, 김종국 & 조PD) (Acoustic ver.)",김장훈,4.0
Road,노리플라이(no reply),4.0
다시 비가 내리네,토마스 쿡(Thomas Cook),4.0
왜 벌써가 (Be My Brownie) (feat. Bumky),다이나믹 듀오(Dynamic Duo),4.0
I Wish...,메이비(MayBee),4.0
와,이정현,4.0
내가 너의 곁에 잠시 살았다는 걸 (Unplugged ver.),김연우,4.0
I Think I (New ver.) ,별,4.0
Mr. Wonderful,모리(Morrie),4.0
립스틱 (Lipstick),오렌지캬라멜(Orange Caramel),4.0
울지마,브로콜리너마저,4.0
제발,김범수,4.0
눈이 오네,10cm(십센치),4.0
청혼,이소라,4.0
느리게 하는 일,아이유(IU),4.0
참 잘했어요,고니,4.0
"L.B.A (Love Breakin Apart) (feat. E-Sens For Supreme Team, 김연우)",다이나믹 듀오(Dynamic Duo),4.0
그녈 위해,JK 김동욱,4.0
"사랑이, 사랑이 시작됐어요 (Song By 이상혁 & 이슬)",러브송(Love Song),4.0
사랑이 지나가면,이수영,4.0
기다리다,윤하(Younha/ユンナ),4.0
난리나,블락비(Block B),4.0
Breathe,미쓰 에이(miss A),4.0
걷고 싶은 거리,보드카 레인(Vodka Rain),4.0
왠지 느낌이 좋아,여행스케치,3.0
자기야 사랑해,미(MIIII),3.0
지금 이 모습,수연,3.0
지랄,허밍 어반 스테레오(Humming Urban Stereo),3.0
언젠가는,이상은(Lee Tzsche),3.0
한여름 밤의 꿈,어쿠스틱 콜라보(Acoustic Collabo),3.0
키친,이소은,3.0
연인이 되어볼까,허민,3.0
사랑해,김우주,3.0
옆 사람 (Stand By),보아(BoA),3.0
사랑해 (feat. 윤은혜),마이티 마우스(Mighty Mouth),3.0
술 한잔 해요,지아(Zia),3.0
환상,박지윤,3.0
힘든가요 (Morning Mix),제이레빗(J Rabbit),3.0
봄이다 (임수정 주연 화장품 CF '비욘드' 배경음악),두번째 달,3.0
오렌지 향기속으로,피아노(Piano) [남자듀오],3.0
야상곡(夜想曲),김윤아,3.0
자유시대,모자이크,3.0
쓰담쓰담,밀크티(Milktea),3.0
연애,애즈 원(As One),3.0
아 외로워 (맥심 CF 삽입곡),요조(Yozoh),3.0
서툰 이별,더 클래식(The Classic),3.0
한 사람을 사랑했네,한경일,3.0
프란다스의 개,이오공감,3.0
영화를 보다,스트로베리 레인(Strawberry Rain),3.0
아니면서,성시경,3.0
쿵따리샤바라 (클론),아이씨사이다(Icycider),3.0
세상에 뿌려진 사랑만큼,이승환,3.0
사랑이 지나가면,이문세,3.0
통화 연결음,써니힐(Sunny Hill),3.0
집 (feat. 이소라),타블로(Tablo),3.0
오래된 노래,스탠딩 에그(Standing Egg),3.0
헤어지기 5분 전,달콤한 소금,3.0
예뻐할께 (feat. MC한길),타루(Taru),3.0
얼음요새,디어 클라우드(Dear Cloud),3.0
인형의 꿈,일기예보,3.0
잠들지 못한 밤,수상한 커튼,3.0
일과 이분의 일,투투(Two Two),3.0
친구의 고백,2AM,3.0
수필과 자동차,공일오비(015B),3.0
소월에게 묻기를,윤상,3.0
"알앤비 (feat. 한경록 Of 크라잉넛, 이주현 Of 갤럭시 익스프레스, 권정열 Of 십센치, 압둘라 나잠 Of 술탄 오브 더 디스코)",불나방스타쏘세지클럽,3.0
얼음 산책,넬(Nell),3.0
여행길 (feat. 윤도현),부가킹즈(Buga Kingz),3.0
좋아합니다,디에스 커넥션(DS_Connexion),3.0
유리정원,루시드 폴(Lucid Fall),3.0
치과에서 (feat. 조정치),윤종신,3.0
초컬릿 이야기,하림,3.0
헤어진 다음날,이현우,3.0
정,영턱스클럽(YTC),3.0
사랑하기 좋은 날 (영화 'B형 남자친구' 삽입곡),장나라,3.0
편지,브로콜리너마저,3.0
세월이 가면 ,윈터플레이(Winterplay),3.0
빨래,이적,3.0
이를테면 헤어짐 같은,심현보,3.0
어떤날,테이(Tei),3.0
우리의 대화는 섬과 섬 사이의 심해처럼 알 수 없는 짧은 단어들로 이루어지고 있었다,푸른새벽,3.0
엘도라도,개구장애,3.0
어린 나의 왕자에게,델리 스파이스(Deli Spice),3.0
첫 데이트를 마치고,루빈(Ruvin),3.0
사랑보다 깊은 상처 (duet with 임재범),박정현,3.0
전화번호,지누션(Jinusean),3.0
오늘부터...,리치(Rich),3.0
일요일 오후,빅뱅(방승철) [Solo],3.0
('Cause) I'm Your Girl,S.E.S.,3.0
힘을 내줘 (Remix Part.1),옐로우 페인트(Yellow Paint),3.0
She,고재근,3.0
Playa Love (feat. 린),더블케이(Double K),3.0
꽃들이 피웠네,하찌와애리(Hachi&Eri;),3.0
Romance (Unplugged),다비,3.0
Rub Luv Mode,허밍 어반 스테레오(Humming Urban Stereo),3.0
다 좋아,슈가버블(Sugar Bubble),3.0
Running (드라마 '커피프린스 1호점' 삽입곡),도나웨일(Donawhale),3.0
님은 먼 곳에,거미,3.0
Shock,비스트(Beast),3.0
다시 시작해보자,김동률,3.0
눈의 꽃,박효신,3.0
Simple Love (feat. 나비),MC 몽,3.0
Stardust,W & Whale(더블유 앤 웨일),3.0
눈 내리던 어느 날 ,윈터플레이(Winterplay),3.0
놓치다,선민(Sunmin),3.0
네모의 꿈,화이트(W.H.I.T.E.),3.0
Style,텐시러브(Tensi Love),3.0
Peace Love & Icecream,윤하(Younha/ユンナ),3.0
Part 2 (Acoustic ver.),넬(Nell),3.0
Timeless,SG워너비,3.0
두근두근,이바디(Ibadi),3.0
International Love Song,검정치마,3.0
Jealousy,Martin Solveig(마틴 솔베이그),3.0
또 왜 그래,이상순 ,3.0
따라해 (Wannabe) (feat. Mellow),에픽 하이(Epik High),3.0
Know Your Name (Acoustic ver.),박재범(Jay Park),3.0
드디어 만났다 (feat. Junggigo),팔로알토(Paloalto),3.0
La Vie En Rose,Mia Doi Todd(미아 도이 토드),3.0
돌이킬 수 없는,클라우드 쿠쿠랜드(Cloud Cuckoo Land),3.0
One Time Bestseller,넬(Nell),3.0
Love Love,코쿤벨즈(Cocoon Bells),3.0
Lovely Girl,상상밴드,3.0
My Man,다비치,3.0
다짐 (feat. 김구),조성모,3.0
Novabossa,클래지콰이(Clazziquai),3.0
다시 피운 꽃,러브홀릭(Loveholic),3.0
다시 태어나도 (duet with 에스더),김돈규,3.0
Sweet Love (Guitar ver.),어쿠스틱 콜라보(Acoustic Collabo),3.0
"Too Late (feat. Bumkey, Paloalto)",투엘슨(2LSON),3.0
말해줘 (feat. 엄정화),지누션(Jinusean),3.0
그대에게 하는 말,스윗소로우(SWEET SORROW),3.0
내 여자친구가 되어줄래 (Song By 이승환 & 이소은),내추럴(Natural),3.0
그대 나만큼은,김조한,3.0
그대 아니었다면,양파,3.0
그대는 나의 비타민 같아 (feat. 양양),곰PD,3.0
내 남자 친구에게,핑클(Fin.K.L),3.0
그대라서,어쿠스틱 콜라보(Acoustic Collabo),3.0
그대를 사랑할수록,브리즈(The Breeze),3.0
그리움을 사랑한 가시나무,테이(Tei),3.0
내가 만일,안치환,3.0
그리움이 닿는 곳에,인피니트(Infinite),3.0
그리워,메이트(Mate),3.0
기다려 늑대,민효린,3.0
나비 (Fly Away),어반 자카파(Urban Zakapa),3.0
나는 그 사람이 아프다 (feat. 타루),에피톤 프로젝트(Epitone Project),3.0
나 지금 뛰어가고 있어,몽니(Monni),3.0
꽂혔어,JJ Project(제이제이 프로젝트),3.0
그녀의 아침,코나(Kona),3.0
내게 다시 (Piano Edited ver.),더더(THETHE),3.0
Trip,Funny Powder(퍼니 파우더),3.0
가끔 미치도록 네가 안고 싶어질 때가 있어,가을방학 김재훈,3.0
넌 언제나,모노(Mono),3.0
Twist King,터보(Turbo),3.0
넌 그날 (feat. 유인나),허밍 어반 스테레오(Humming Urban Stereo),3.0
Where U At? (Solo Simon D),슈프림팀(Supreme Team),3.0
With Love,전영진,3.0
너풀거리듯,양양(YangYang),3.0
너의 곁에,비스윗(Besweet),3.0
너에게 가는 길,정재일,3.0
곳에 따라 비,가을방학,3.0
너무 아쉬워 하지마,어떤날,3.0
너를 처음 본 순간,러브앤팝(Love & Pop),3.0
너를 사랑해 (Love Is...),FTISLAND(에프티 아일랜드),3.0
게으름이 필요해 - 일요일 오후에는 (feat. Kama),마술모자 퍼레이드,3.0
곁에 (드라마 '트리플' 삽입곡),짙은(Zitten),3.0
계절처럼,솔리스트(Soliste),3.0
고해,임재범,3.0
Hello Beautiful Day,윤하(Younha/ユンナ),3.0
Please...,BGH4,3.0
BLUE,BIGBANG,3.0
Birthday (Radio ver.) (feat. UV),업타운(UPT),3.0
몰라 Ing (feat. 2AM),메이다니(Maydoni),3.0
Elvira Madigan (Mozart: Piano Concerto No.21 In C Major K.467),배장은 트리오(Jangeun Bae Trio),3.0
미안해요,김건모,3.0
2월,캐스커(Casker),3.0
Chocolate Love (Retro Pop ver.),소녀시대,3.0
A Day Dream,이지(EG),3.0
바람,로로스(Loro's),3.0
본능적으로 (feat. Swings),강승윤 [WINNER],3.0
Breath,Ruby Star(루비스타),3.0
별이 지다..,휘성,3.0
별을 찾는 아이 (feat. 김광진),아이유(IU),3.0
Favorite Music (feat. 길학미),더블케이(Double K),3.0
바보,소울스타(Soulstar),3.0
Alone Again (Gilbert O'Sullivan),이소라,3.0
Beautiful Day,예인,3.0
Ballerino(발레리노),리쌍(Leessang),3.0
발작(發作),원티드(Wanted),3.0
Baby I Love You,정엽,3.0
Andante,에세이(sA'),3.0
배반의 장미,엄정화,3.0
April Funk (June Mix) (Vocal By Deb),페퍼톤스(Peppertones),3.0
버라이어티,Lucia(심규선),3.0
몰라,소란(Soran),3.0
Cheek To Cheek,하젤(Hajel),3.0
Feeling,김사랑,3.0
"Good Bye Sadness, Hello Happiness",t윤미래,3.0
12월 32일,별,3.0
Gentle Breeze,스니커버드(Sneaker Bird),3.0
Getaway,코지카페(Cozy Cafe),3.0
01월 10일,브로콜리너마저,3.0
143,마일스톤(Milestone),3.0
"Grand Final (feat. 정인, MC 날유)",리쌍(Leessang),3.0
1440,허각,3.0
명륜동,재주소년,3.0
오랜만이야,임창정,2.0
온 세상에 눈이 내리면 (feat. The Black),동경소녀,2.0
행복한 나를 (feat. 존박),허각,2.0
행복하지 말아요,엠씨 더 맥스(M.C the Max),2.0
어머니의 된장국 (feat. Ra.D),다이나믹 듀오(Dynamic Duo),2.0
Acoustic Breath,한희정,2.0
고양이의 하루,JUNIEL(주니엘),2.0
오래오래,바이브(Vibe),2.0
외로움증폭장치 (브래드 드럼 한판 쉬기),버스커 버스커(Busker Busker),2.0
우리 그냥...,익사이트(Excite),2.0
어린 사랑,SG워너비,2.0
어떻게 하죠,뉴욕 러브 다이어리(Newyork Love Diry),2.0
에너지 (feat. 선예),마이티 마우스(Mighty Mouth),2.0
어느 저녁에 문득 보았네,시와(Siwa),2.0
겨울 스웨터,지요(G.Yo),2.0
꽃 파는 처녀,베란다 프로젝트(Verandah Project),2.0
간지럽게,스윗소로우(SWEET SORROW),2.0
이별,화요비,2.0
꽃 내리는 불면의 밤,랄라스윗(lalasweet),2.0
강남역 6번 출구 앞,허민,2.0
거리 (Are We Ready For Love) (feat. Innovator),김새한길,2.0
거북이,다비치,2.0
햇볕이 내게로 오다 (feat. 주영),아티슨비츠(Artisan Beats),2.0
11월,장윤주,2.0
12월,루싸이트 토끼,2.0
겁이 나서 (With 백지영),나윤권,2.0
행복을 주는 사람,이상(E.Sang),2.0
이 겨울 끝은 눈보라,The Finnn,2.0
겨울,정준일 [메이트],2.0
그곳에 서서,박효신,2.0
오래된 연인,제리케이(Jerry. K),2.0
그녀와의 이별,김현정,2.0
그남자 그여자 (feat. 장혜진),바이브(Vibe),2.0
그래도... 좋아,성시경,2.0
어쩜 좋아,메이비(MayBee),2.0
기다려,랄라스윗(lalasweet),2.0
열아홉 밤공기,이지형,2.0
연인할래요 (feat. 태봉),지애 [태사비애],2.0
그대와 함께,몽니(Monni),2.0
그댄 정말 모를거예요,제이세라(J-Cera),2.0
그래도...그리워...,김우주,2.0
에필로그,유희열,2.0
연(捐),빅마마(Big Mama),2.0
그래서 그대는,얀(Yarn),2.0
여행,김동률,2.0
그런 사람 또 없습니다,장필순,2.0
"그리고, 남겨진 것들",넬(Nell),2.0
1분 1초 (feat. 타루),에픽 하이(Epik High),2.0
그대와 같아,주영(JooYoung),2.0
2시의 데이트,가인 [브라운아이드걸스],2.0
영화봐요 우리,루이비(Louis.B),2.0
그대를 바라보면,소심한 오빠들(Sosimboys),2.0
옆자리,김형중,2.0
휴일,윤종신,2.0
이별은 (feat. DC) (Song Mad Clown),매드 클라운(Mad Clown),2.0
"3호선 매봉역 (feat. Paloalto, Beenzino)",프라이머리(Primary),2.0
기억,인디언 수니(Indian Soonie),2.0
그대는 모르죠 (Good-Bye),플라이 투 더 스카이(Fly To The Sky),2.0
A Flower Is A Lovesome Thing ,이부영,2.0
"오, 사랑",루시드 폴(Lucid Fall),2.0
헤어지지 말자,고현욱,2.0
어제보다 오늘 더,김종국,2.0
그대 고운 내사랑,이정열,2.0
헤어지는 중입니다,이은미,2.0
A Spring Day,도나웨일(Donawhale),2.0
가질수 없는 너,뱅크(Bank),2.0
추억은 사랑을 닮아,박효신,2.0
가시나무,애즈 원(As One),2.0
Farewell,박경환,2.0
Love Ballad,브라운 아이드 소울(Brown Eyed Soul),2.0
Love Day,양요섭 [비스트],2.0
지금이 아니면,타루(Taru),2.0
Love Valentine,어쿠스틱 콜라보(Acoustic Collabo),2.0
MONSTER,BIGBANG,2.0
칼리지 부기,9와 숫자들,2.0
커플 (Couple),젝스키스(Sechs Kies),2.0
O Final Do Filme,이해완 [보드카레인],2.0
Like A Star (feat. 최아롬 Of 버블시스터즈),박효신,2.0
Okay,어반플래닛(Urbanplanet),2.0
좋은날이 올거야 (The Day) (Acoustic ver.),로맨틱 펀치(Romantic Punch),2.0
좋은 오빠 동생으로만,바이브(Vibe),2.0
Elementree,팔로알토(Paloalto),2.0
Colors (With 은G Of 5Tones),힐링프로젝트(Healing Project),2.0
키스해주겠니 (feat. 린),에디(Eddie),2.0
좋은 사람 (New Acc ver.),신효범,2.0
Lonely,투애니원(2NE1),2.0
Light Tower,박소윤,2.0
좋아요,좋아서 하는 밴드,2.0
I Love You,투애니원(2NE1),2.0
초콜릿 트러플 (Unplugged ver.),클래지콰이(Clazziquai),2.0
춘천가는 기차,나희경 [Jazz],2.0
Hot Issue,포미닛(4minute),2.0
"I Could Sing Of Your Love Forever (Silky RMX) (feat. Grace Eun, ◀:꼬깔이)",라디(Ra.D),2.0
I Don't Care,투애니원(2NE1),2.0
I Don't Know,써드코스트(3rd Coast),2.0
청춘,토마스 쿡(Thomas Cook),2.0
"I Wish (feat. 김혜능 Of 그린티, 김경훈)",스윗소로우(SWEET SORROW),2.0
집앞이야 나와 (feat. 대호),드로플렛(Droplet) [리퀴드],2.0
Goodbye To Romance,써니힐(Sunny Hill),2.0
챠우챠우 - 아무리 애를 쓰고 막아 보려 해도 너의 목소리가 들려,델리 스파이스(Deli Spice),2.0
For Love Again,이치원(EachONE),2.0
참고 살아 (be...),다이나믹 듀오(Dynamic Duo),2.0
차가운 커피,먼데이 키즈(Monday Kiz),2.0
Feel Alright,짙은(Zitten),2.0
Let There Be Love (영화 '미술관 옆 동물원'),Nat King Cole(냇 킹 콜),2.0
Coffee House,5mg,2.0
"Ready, Get Set, Go! (Full ver.) (Vocal By Deb)",페퍼톤스(Peppertones),2.0
가수가 된 이유,이예준,2.0
Baby You (feat. 나비),포맨,2.0
Take Out,가인 [브라운아이드걸스],2.0
Beautiful Day ,매드 소울 차일드(Mad Soul Child),2.0
Beautiful Day,스프링롤(Springloll),2.0
잊어야 한다는 마음으로,김광석,2.0
"입장정리 (feat. 최자, Simon D)",프라이머리(Primary),2.0
Wanna Be Loved (Bonus Track),라즈베리필드,2.0
일요일 아침,포츈 쿠키(Fortune Cookie),2.0
Gravity (Eng ver.),해이(Hey),2.0
TV Show,짙은(Zitten),2.0
You Are So Beautiful (Piano With Yiruma),신승훈,2.0
You Make Me Smile,김민준,2.0
인연 ('왕의 남자' 버전),이선희,2.0
You're My Everything,바비 킴(Bobby Kim),2.0
익숙한 새벽 3시,오지은,2.0
이화동 (duet with 한희정),에피톤 프로젝트(Epitone Project),2.0
BK Love,MC 스나이퍼(MC Sniper),2.0
잘 된 일이야,나비(Navi),2.0
하루하루,조원선,2.0
톡톡 (Tok Tok) (feat. Soya),마이티 마우스(Mighty Mouth),2.0
Slowly Feel My Eyes (feat. 어반스페이스),동경소녀,2.0
팝콘,데이브레이크(daybreak),2.0
"조금씩, 천천히, 너에게 (With 타루)",노리플라이(no reply),2.0
Can't Stop,비스윗(Besweet),2.0
Cala Tarida,스페이스카우보이(Space Cowboy),2.0
포근해,성진환 [스윗소로우],2.0
Bounce,JJ Project(제이제이 프로젝트),2.0
풋사과 (feat. 정일훈 Of BTOB),현아 [포미닛],2.0
So Good Bye,소규모 아카시아 밴드,2.0
Sweet Holiday,씨엔블루(CNBLUE),2.0
Spring Fever,미스티 블루(Misty Blue),2.0
Body Groove,마인드 컴바인드(Mind Combined),2.0
잠시 길을 잃다 (Original),공일오비(015B),2.0
피아노,조성모,2.0
피어나,가인 [브라운아이드걸스],2.0
Bless You (케세라세라),러브홀릭(Loveholic),2.0
Sunshine,짙은(Zitten),2.0
꽃놀이,이바디(Ibadi),2.0
오늘은 가지마,벤,2.0
상상막차(想像終車),허민,2.0
네가 없으면,더폼프로젝트(The ForM Project),2.0
바람아 멈추어다오,러브홀릭(Loveholic),2.0
내게로,장혜진,2.0
사랑하오,윤상,2.0
심야식당,보드카 레인(Vodka Rain),2.0
소원,지영선,2.0
바람이 분다,박강수,2.0
널 지울 수는 없는지,노리플라이(no reply),2.0
내게 다시,어반 자카파(Urban Zakapa),2.0
내가 말한 적 없나요,이적,2.0
내가 누웠던 침대 (In My Bed),비(Rain),2.0
눈물나,정엽,2.0
아이스크림 (feat. 반지(Banji)),고두림,2.0
내 사람,유리상자,2.0
반창꼬,노을,2.0
뽀뽀,좋아서 하는 밴드,2.0
뽀롱뽀롱뽀로로 오프닝 (TV만화 '뽀롱뽀롱뽀로로' 주제가),Unknown,2.0
두사람,성시경,2.0
배가 불렀지 (feat. GaeKo Of DYNAMIC DUO),슈프림팀(Supreme Team),2.0
선인장 (Vocal 차세정),에피톤 프로젝트(Epitone Project),2.0
낮잠,김형중,2.0
별 빛이 내린다,안녕 바다,2.0
남쪽 끝섬,하찌와 TJ,2.0
바람구두,두번째 달,2.0
사랑보다 깊은 상처 (duet with 박정현),임재범,2.0
소주한잔,임창정,2.0
시작되는 연인들을 위해,이원진,2.0
사랑의 바보,더 넛츠(The Nuts),2.0
너에게 그만 빠져들 방법을 이제 가르쳐 줘 (Album ver.),오지은과 늑대들,2.0
"너에게 (feat. 권정열 Of 10cm , 정수완 Of 세렝게티)",소란(Soran),2.0
술 한잔하면 (Your Wedding),허각,2.0
너에게 반한 날,소규모 아카시아 밴드,2.0
너무 많은...,서문탁,2.0
사랑을 시작하다,에코 브릿지(Eco bridge),2.0
물망초,박새별,2.0
순정(純情) (Remix-Miami ver.),코요태,2.0
내입술...따뜻한 커피처럼,샵(S#arp),2.0
내일이 오면 (duet with 권순관),타루(Taru),2.0
넋,40(포티),2.0
만화가의 사려 깊은 고양이,W(Where The Story Ends),2.0
만약에 말야 (전우성 Solo),노을,2.0
만만하니 (New ver.),유키스(U-KISS),2.0
시에스타,포츈 쿠키(Fortune Cookie),2.0
내사랑 내곁에,김현식,2.0
미친거니,바이브(Vibe),2.0
사랑찬가,꽃미남 주식회사,2.0
마법소녀,오렌지캬라멜(Orange Caramel),2.0
속마음,참깨와 솜사탕,2.0
날 위한 이별,김혜림,2.0
네게 간다 (Piano ver.),캐스커(Casker),2.0
스무살,이진우 [인디],2.0
사색중,모노토이(Monotoi),2.0
다시 만날래,준잭(Jun Jack),2.0
비 (La Pluie),김효진 [배우],2.0
담 (Piano ver.),김윤아,2.0
안녕,메이트(Mate),2.0
달콤하게 (feat. 한소아),토이멜라(Toymela),2.0
보물찾기 (duet with 정선국),BMK,2.0
나에게만 너를 말해주기를,디어 클라우드(Dear Cloud),2.0
안아보자 (feat. 정엽),제아 [브라운 아이드 걸스],2.0
보고싶어,보드카 레인(Vodka Rain),2.0
난 너만 있으면 (All Star 2집),KCM,2.0
애련,코요태,2.0
달의 몰락,울랄라세션(Ulala Session),2.0
나비가 앉은 자리,가을방학,2.0
알아요 몰라요,프린세스 디지즈(Princess Disease),2.0
단비,상상밴드,2.0
봄봄,양양(YangYang),2.0
다시 사랑할 수 있을까,포맨,2.0
봄비가 내리는 제주시청 어느 모퉁이의 자취방에서...,재주소년,2.0
끝이라기엔,소울맨(Soulman),2.0
난 그날,허밍 어반 스테레오(Humming Urban Stereo),2.0
나 너를 사랑하나봐 (duet with 공효진),마이큐(MY-Q),2.0
비오는 거리,이승훈 [발라드],2.0
눈물로 (duet with 이정),제이(J.ae),2.0
당신은 참..,성시경,2.0
별똥별,전기뱀장어,2.0
아프죠,해이(Hey),2.0
산책,흐른,2.0
도시의 밤,소울라이츠(Soulights),2.0
"비타민 (With 정연, 승연) (김태희 요정송, 파리바게뜨 CF 삽입곡)",박학기,2.0
서쪽 하늘에,두번째 달,2.0
Good Day,카라(Kara),1.0
사랑이라 부를 수 있을까,인공위성,1.0
Melody (feat. 길미),후레쉬 보이즈(Fresh Boyz),1.0
Hot 뜨거,원타임(1TYM),1.0
Loving You,코요태,1.0
많은 계절이 지나,이해완 [보드카레인],1.0
초콜렛군 오렌지양,밀크티(Milktea),1.0
산들산들,언니네 이발관,1.0
망설이지 마요,몽니(Monni),1.0
Misty (Live ver.),고서이,1.0
산책,이지형,1.0
My Son,김건모,1.0
먼지가 되어,로이킴,1.0
촛불 하나,지오디(god),1.0
Happy People (feat. Soulman),피타입,1.0
No One Else,아키버드(Aquibird),1.0
사랑이 변하니,페이지(Page),1.0
I Don't Wanna Talk About It,Julienne Taylor(줄리언 테일러),1.0
매일 그대와 (With 김거지),소울 다이브(Soul Dive),1.0
머리치워 머리,틴틴 파이브,1.0
사랑이 변하니 (New ver.),에스더(Esther),1.0
주변인,노리플라이(no reply),1.0
동경소녀,버스커 버스커(Busker Busker),1.0
달을 녹이네,좋아서 하는 밴드,1.0
I Love You,차태현,1.0
동화(同化),성시경,1.0
Lemond,젠틀 레인(Gentle Rain),1.0
진절머리 (feat. Okasian & Dok2),빈지노(Beenzino),1.0
당신께 이 노래를 불러 드릴께요,태사비애,1.0
Lemon Tree,박혜경,1.0
찬란한 사랑 (상심 Ⅱ),알이에프(R.ef),1.0
참 아름다워,박새별,1.0
멍 (Remix ver.) ,김현정,1.0
뒷모습,나윤권,1.0
사랑한대 (With Windy),스탠딩 에그(Standing Egg),1.0
들었다 놨다,데이브레이크(daybreak),1.0
떠나자,에피톤 프로젝트(Epitone Project),1.0
Kissinterlude,재지팩트(Jazzyfact),1.0
처음 사랑하는 연인들을 위해 (반말송),정용화(Jung Yong Hwa),1.0
Love Diary,노블레스 ＆ 어쿠스틱콜라보 ,1.0
Kiss Day,별,1.0
Kiss (feat. Hey),조규찬,1.0
Love Is (러브 이즈),메이팝(Maypop),1.0
사랑하나요,이승환,1.0
천생연분 (Rave),솔리드(Solid),1.0
첫 데이트,스윗소로우(SWEET SORROW),1.0
I'm In Love,라디(Ra.D),1.0
Love Letter (언약),투샤이(2Shai),1.0
지나간다 (Piano ver.),김범수,1.0
뛰어가 (feat. Tiger JK & Jinbo),더 콰이엇(The Quiett),1.0
I Wish,오윤혜,1.0
I Love You (Rap ver.) (feat. 타블로),나비(Navi),1.0
사랑해서 더 슬픈 일,란(Ran),1.0
첫사랑,파란(Paran),1.0
사랑해 주리,네미시스(Nemesis),1.0
꿈,토마스 쿡(Thomas Cook),1.0
Gift,박효신,1.0
모닝 스타 (Album ver.) (영화 '아내가 결혼했다' 뮤직비디오 삽입곡),요조(Yozoh),1.0
A Lazy Day,홀리 가든(Holly Garden),1.0
별이 빛나는 밤에 (feat. 강선아),매드 클라운(Mad Clown),1.0
행복한 사람,하동균,1.0
"별이 빛나는 밤에 (feat. Mad Clown, 강선아 Of Downstream)",소리헤다,1.0
별빛달빛,시크릿(Secret),1.0
Always Awake (Bonus Track),빈지노(Beenzino),1.0
햇살처럼 너무 예뻐,모모(Momo) [여성],1.0
Always Be Mine,어반 자카파(Urban Zakapa),1.0
벗어 던져 (feat. 보니),주석(Joosuc),1.0
배웅 (feat. 박기영),메이커슬(Makustle),1.0
해바라기 (feat. 써니사이드 MJ),가비엔제이(Gavy N.J.),1.0
밤하늘의 별을.. (With KCM & No Noo),양정승(Kiroy Y),1.0
발렌타인데이,민트비(Mint.B),1.0
학교를 안갔어!,량현량하,1.0
바보처럼 좋아해,동경소녀,1.0
바로 너였어 (With 알렉스),장나라,1.0
Bike (Vocal By Westwind),페퍼톤스(Peppertones),1.0
사랑 이란 말,김동희,1.0
하루 (feat. 린),옥수사진관,1.0
헤어지자고..,주형진,1.0
봄,낭만유랑악단,1.0
봄 (feat. 다현),메이팝(Maypop),1.0
봄을 생각해,앨리스 스마일(Alice Smile),1.0
힘든일 있으면 전화해요 (With 한소리),디피(DP),1.0
봄이 오면 (Guitar ver.),김윤아,1.0
10월(月)에 눈이 내리면,성시경,1.0
흘러가길,이아립,1.0
봄의 사진,재주소년,1.0
봄의 목소리,알레그로(Allegrow),1.0
봄의 고백,이영훈 [인디],1.0
흐리다 맑음,원 펀치(One Punch),1.0
봄타령,양빛나라,1.0
봄바람 났네,해랑(Haerang) [재즈],1.0
봉인해제의 밤,페이퍼컷 프로젝트(Papercut Project),1.0
회상 (feat. 백지영),리쌍(Leessang),1.0
1974 Way Home,Mondo Grosso(몬도 그로소),1.0
부디,Lucia(심규선),1.0
화장을 고치고,왁스(Wax),1.0
3!4!,룰라(Roo'Ra),1.0
3X4,가을방학,1.0
호흡과다,가을방학,1.0
Black & White,지나(G.NA),1.0
바램,박정은,1.0
하늘 끝에서 흘린 눈물,주니퍼(Junyfore),1.0
Express 999,소녀시대,1.0
Crescendo (크레셴도),악동뮤지션(AKMU),1.0
Dancing Queen,크레용팝(Crayon Pop),1.0
"다시, 봄",스웨덴세탁소,1.0
미운오리새끼,손승연,1.0
커피를 마시고 (Reprise),어반 자카파(Urban Zakapa),1.0
Elnino Prodigo,윈디시티(Windy City),1.0
사랑은 유리같은 것,이은미,1.0
커피가 좋아,조정치,1.0
"미안해, 사랑해서...",이영현,1.0
미워하자,박효신,1.0
몽환의 숲 (feat. 이루마),키네틱플로우(K-Flow),1.0
Fat Girl (45RPM),DJ DOC,1.0
목욕이 좋아 (feat. 지선),심현보,1.0
사랑의 1단계,루앤(Luanne),1.0
Fine Thank You And You?,10cm(십센치),1.0
목도리 하지마 (feat. Kjun Of Jun Sayer),닥터심슨(Dr.Simpson),1.0
Fortunate (feat. Joosuc),애즈 원(As One),1.0
친구 아닌 남자로,이석훈 [SG워너비],1.0
Come To Me,썸피플(Sumpeople),1.0
미인(美人),이기찬,1.0
바람이...,힐링프로젝트(Healing Project),1.0
Bring Me Down (라끄베르 광고 - 김연아 주연),Lenka(렌카),1.0
바람이 불어오는 곳,김광석,1.0
사랑.. 그 몹쓸병,휘성,1.0
"사랑? (Oh, My Baby)",에코(ECO),1.0
푸른 양철 스쿠터,마이 앤트 메리(My Aunt Mary),1.0
사랑같은건 없나봐,가비엔제이(Gavy N.J.),1.0
평화로운 세상,터보(Turbo),1.0
사랑과 우정 사이 (With 김연우) (피노키오),김경호,1.0
편지,채정안,1.0
Bye-Bye 'Blue' Bird (duet with Junggigo),소울맨 앤 마이노스(Soulman & Minos) ,1.0
Choose My Life,S.E.S.,1.0
Cha Cha (영화 '헬로우 마이 러브' 뮤직비디오),윈터플레이(Winterplay),1.0
통화연결음,린(LYn),1.0
Change (feat. 용준형 From Beast),현아 [포미닛],1.0
밑바닥에서 (feat. Bumkey),타블로(Tablo),1.0
밀크쉐이크,오렌지캬라멜(Orange Caramel),1.0
Chocolat,이지(EG),1.0
타아(他我),하루(Haru) [여성],1.0
민물 장어의 꿈,신해철,1.0
Don't You Know (With 노리플라이),한효주,1.0
She Is Not Following You (feat. 지은),이루펀트(Eluphant),1.0
One Love (봄의 왈츠),러브홀릭(Loveholic),1.0
내 눈물모아,서지원,1.0
굿모닝 (feat. 권정열 Of 10cm),버벌진트(Verbal Jint),1.0
귀로,엠씨 메타와 디제이 렉스(MC META & DJ WRECKX),1.0
내게 머물러,마이 앤트 메리(My Aunt Mary),1.0
오래전 그날,윤종신,1.0
그 노래,존 박(John Park),1.0
내가 바라는 내 모습,수정선,1.0
아 맞다,키비(Kebee) [이루펀트],1.0
그녀를 믿지마,걸스데이(Girl's Day),1.0
오늘은 가지마,임세준,1.0
봄이 오면,허민,1.0
내 이름을 불러줘,뎁인뎁쇼,1.0
그대 (CF ver.) (feat. 한효주),브라운 아이드 소울(Brown Eyed Soul),1.0
오늘밤,슈가볼(Sugarbowl),1.0
오늘 재미있었어,아키버드(Aquibird),1.0
오늘 서울은 하루종일 맑음 (Vocal By 윤하),토이(Toy),1.0
내 사람,타루(Taru),1.0
아리따운 걸,제국의아이들[ZE:A],1.0
그대 내 맘에 들어오면은 (With 조덕배),조성모,1.0
아마도 그건,서영은,1.0
괜찮아,베란다 프로젝트(Verandah Project),1.0
완벽한 날 (feat. 아이비),버벌진트(Verbal Jint),1.0
"왜 날 떠나갔는지 (feat. 아메리카노, 유나)",추천음악프로젝트,1.0
우리 처음 만난 날,한희정,1.0
겨울이 오면 (feat. 정준일),조정치,1.0
우울한 편지,나얼(Na-Ul),1.0
결혼도 못하고...,김현철,1.0
계획엔 없어요 (feat. 진왕),아날로그 소년,1.0
"우리는, 거짓말처럼",보드카 레인(Vodka Rain),1.0
고고씽,쿨(COOL),1.0
우리가 있던 시간,스웨덴세탁소,1.0
"우리 헤어지자 (2009년 발매 / 4th Album ""Shadow"" 수록)",이승기,1.0
고독한 마음에게,론리 하츠 클럽(Lonely Hearts Club),1.0
내꺼하자,인피니트(Infinite),1.0
고백,선데이 시크릿,1.0
용서할께,비쥬(Bijou),1.0
욕심쟁이,김동률,1.0
고양이와 나,캐스커(Casker),1.0
외톨이야,씨엔블루(CNBLUE),1.0
시작이 좋아 (feat. 강민희 Of 미스에스),버벌진트(Verbal Jint),1.0
고양이와 나 Part 2 (Live ver.),캐스커(Casker),1.0
시청앞 지하철 역에서,동물원,1.0
내 눈물보다,란(Ran),1.0
그대는 어디에 (feat. 임재범),차지연,1.0
울고 싶어지는 오후,지서련,1.0
아무렇지 않게,별,1.0
나쁜 (With 윤상),윤종신,1.0
언젠가는,나얼(Na-Ul),1.0
알 수 없는 인생,이문세,1.0
기대,나윤권,1.0
알고 있나요,박기영,1.0
어쩌다,브라운 아이드 걸스,1.0
기억속으로,이은미,1.0
기억의 초원,하비누아주(Ravie Nuage),1.0
나비(娜悲)의 겨울,박효신,1.0
기적,김동률,1.0
나만 모르게 (feat. T),슈프림팀(Supreme Team),1.0
기차,고찬용,1.0
기차를 타고,아이유(IU),1.0
길,지오디(god),1.0
"어떤 날도, 어떤 말도",Lucia(심규선),1.0
까만 일기장,박정현,1.0
어디쯤 있나요,알레그로(Allegrow),1.0
꼬마야,김창완,1.0
나는 사랑이 뭔지 모르나봐요,김연우,1.0
그저 그런 하루,노리플라이(no reply),1.0
그립고... 그리운...,박효신,1.0
나쁜사람,박혜경,1.0
그래도 나는,양요섭 [비스트],1.0
옆집남녀 (With Azin),옆집 남자(A Boy Next Door),1.0
아스피린 (feat. SupaCool),엠알제이(MRJ),1.0
낭만의 계절,로지 피피(RossyPP),1.0
아이보리,가을방학,1.0
아저씨 (feat. 제이레빗),김진표(JP),1.0
아직...,오렌지캬라멜(Orange Caramel),1.0
연애시대 (feat. Ra.D) (Narr. 한효주),이승기,1.0
그래도 그대는 나의 영원한 사랑이야,김민종,1.0
연애 (Love Song),김그림,1.0
나에겐 마치...,더 크래용스(The Crayons),1.0
아침 8시 (duet with 한효주),마이큐(MY-Q),1.0
아틀란티스 소녀,보아(BoA),1.0
아픔조차 달콤했던,스프링롤(Springloll),1.0
그러지 말자,브이오에스(V.O.S.),1.0
나의 연인,임창정,1.0
그렇게 너를 사랑해 (전지현 CF삽입곡),자전거 탄 풍경,1.0
여기서 끝내자 (duet with 짙은),타루(Taru),1.0
안녕 (inst.),언니네 이발관,1.0
겨울애(愛),김연우,1.0
겨울밤,장재인,1.0
상실의시대,이상의날개,1.0
That Girl (feat. Crucial Star),앤덥(Andup),1.0
Sonnet,애즈 원(As One),1.0
Soul Food,블링 더 캐쉬(Bling The Cash),1.0
"Speech 04. [Relation] - Lonely Hearts Club, Beenzino",브라운브레스(Brownbreath),1.0
재회,바람에 오르다,1.0
장마,정인,1.0
설렘주의보 (With Caramel EspreSSo),투어리스트(The Tourist),1.0
Stay,넬(Nell),1.0
Stay Cool (feat. Zion T),Simon Dominic(사이먼 도미닉),1.0
Sunshine,몽니(Monni),1.0
Super Star,쥬얼리(Jewelry),1.0
"잘자, 좋은 꿈 꿔 (feat. Emgee)",젠(Zen),1.0
Supermagic,슈프림팀(Supreme Team),1.0
잘못,이승기,1.0
네가 불던 날,성시경,1.0
소원 (Hwany Solo),플라이 투 더 스카이(Fly To The Sky),1.0
Take A Little Time (feat. Sean2slow),재지팩트(Jazzyfact),1.0
소원 (Wish),동방신기(TVXQ!),1.0
잔소리,더 넛츠(The Nuts),1.0
Thank You {For Saving My Life} (duet with Brian Mcknight),조규찬,1.0
So Nice,도끼(Dok2),1.0
선물할게,옥상달빛,1.0
선녀와 나무꾼,김창남,1.0
다시 내게로 돌아와,조관우,1.0
상처는 별이 되죠,커피소년,1.0
Peribanou,Savina Yannatou(사비나 야나투),1.0
새벽녘,에피톤 프로젝트(Epitone Project),1.0
샐러드 기념일,허밍 어반 스테레오(Humming Urban Stereo),1.0
생각나 자꾸 니가 (feat. Nabi & 정석원),빨간머리앤,1.0
Rain,박혜경,1.0
Rainy Christmas,김건모,1.0
다시 만난 날,휘성,1.0
Rose,이하이,1.0
꿈 속의 멜로디,데이브레이크(daybreak),1.0
다시 꿈을 꿀 수 있을것 같아,정지찬 [원모어찬스],1.0
다 예뻐,한선화 [시크릿],1.0
서른 즈음에,김광석,1.0
Seasky,박새별,1.0
제발,이소라,1.0
Secret,달콤한 소금,1.0
정원 (New),달에닿아,1.0
늦잠,백지영,1.0
Thanx (New Sound Set ver.),푸디토리움(Pudditorium),1.0
널 위한 노래,어쿠스틱 콜라보(Acoustic Collabo),1.0
원더보이 (Wonder boy),애프터스쿨 Blue,1.0
널 사랑하겠어,서영은,1.0
슈팅스타 (With 소규모 아카시아 밴드),요조(Yozoh),1.0
가시,버즈(Buzz),1.0
가시나무,조성모,1.0
이브의 경고 (Jungle),박미경,1.0
가지마 가지마,상상밴드,1.0
너에게 (feat. 김새한길),시로스카이(Shirosky),1.0
"스케치북 (feat. 윤종신, 김장훈)",토이(Toy),1.0
슬프다는 말,비스윗(Besweet),1.0
슬픈 인연,공일오비(015B),1.0
같이 있자,이정,1.0
너무 늦었잖아요,변진섭,1.0
거위의 꿈,인순이,1.0
걸어 본다,비원에이포(B1A4),1.0
너를 사랑하고도,서영은,1.0
시간이 달라서,스탠딩 에그(Standing Egg),1.0
겨울,임주연,1.0
너 떠나버린 그 집 앞,몽니(Monni),1.0
유난히 (feat. 신예원),김진표(JP),1.0
겨울 장마 (feat. 루시드폴),푸디토리움(Pudditorium),1.0
가리워진 길,유재하,1.0
恨(한) (悲 愛 來),얀(Yarn),1.0
이젠 안녕,공일오비(015B),1.0
일터 (feat. Bizzy),리쌍(Leessang),1.0
Try To Remember,성시경,1.0
손 틈새로,거미,1.0
U Just,소울사이어티(Soulciety),1.0
UGLY,투애니원(2NE1),1.0
Venus,헬로비너스(HELLOVENUS),1.0
"손만 잡고 잘께 (feat. Kuan, 샛별)",피노다인(Pinodyne),1.0
W.H.I.T.E.,화이트(W.H.I.T.E.),1.0
입맞춤 (feat. 진호),장세용,1.0
Waltz Lesson (feat. Whale),알렉스(Alex) [클래지콰이],1.0
You're My Sunshine (feat. 서영은),ASHGRAY(애쉬그레이),1.0
손편지,에피톤 프로젝트(Epitone Project),1.0
넌 달콤했어 (feat. 스웨덴세탁소),신세경,1.0
We Belong Together (feat. 박봄),BIGBANG,1.0
송가(送歌),더 클래식(The Classic),1.0
너의 세상으로 (Angel),EXO-K(엑소케이),1.0
너와 나의 프롤로그 (With Deb),나루(Naru) [솔루션스],1.0
인생은 즐거워,제시(Jessi) [럭키제이],1.0
너에게로 또 다시,변진섭,1.0
봄이 오면,바람에 오르다,1.0
